mode,split,scene_id,instance_id,target_category,y_true,y_pred,correct,confidence,predicted_label_at_confidence
rgb,train,kv1__NYUdata__NYU0228,door_1,door,closed,closed,1,0.8387581244726416,closed
rgb,train,kv1__NYUdata__NYU0579,door_1,door,closed,closed,1,0.777991830748154,closed
rgb,train,kv1__NYUdata__NYU0964,door_1,door,closed,closed,1,0.7957716548319372,closed
rgb,train,kv1__NYUdata__NYU1289,door_1,door,open,open,1,0.7102849273706965,open
rgb,train,kv1__NYUdata__NYU1290,door_1,door,closed,closed,1,0.8587228214984439,closed
rgb,train,kv2__kinect2data__000440_2014-06-08_11-25-22_260595134347_rgbf000080-resize,door_1,door,closed,closed,1,0.7852361868879467,closed
rgb,train,kv2__kinect2data__000579_2014-06-08_11-07-06_260595134347_rgbf000166-resize,door_1,door,closed,closed,1,0.8679889901126141,closed
rgb,train,kv2__kinect2data__000831_2014-06-04_19-50-37_260595134347_rgbf000064-resize,door_1,door,closed,closed,1,0.8391087478796664,closed
rgb,train,kv2__kinect2data__000831_2014-06-04_19-50-37_260595134347_rgbf000064-resize,door_2,door,closed,closed,1,0.8961818544229367,closed
rgb,train,kv2__kinect2data__001068_2014-06-08_22-04-21_260595134347_rgbf000078-resize,door_1,door,closed,closed,1,0.835922928141059,closed
rgb,train,kv2__kinect2data__001111_2014-06-15_17-27-08_260595134347_rgbf000164-resize,door_1,door,closed,closed,1,0.8392032686562041,closed
rgb,train,kv2__kinect2data__001683_2014-06-26_19-14-58_260595134347_rgbf000042-resize,door_2,door,closed,closed,1,0.8212308340025701,closed
rgb,train,kv2__kinect2data__001684_2014-06-26_19-15-13_260595134347_rgbf000103-resize,door_1,door,closed,closed,1,0.7446510308009745,closed
rgb,train,kv2__kinect2data__002037_2014-06-24_20-21-35_260595134347_rgbf000033-resize,door_1,door,closed,closed,1,0.745977775136806,closed
rgb,train,kv2__kinect2data__002038_2014-06-24_20-21-59_260595134347_rgbf000131-resize,door_1,door,closed,closed,1,0.8882755561878842,closed
rgb,train,kv2__kinect2data__002452_2014-06-28_20-33-54_260595134347_rgbf000018-resize,door_1,door,closed,closed,1,0.8067923631927241,closed
rgb,train,kv2__kinect2data__003048_2014-06-15_13-49-43_094959634447_rgbf000150-resize,door_1,door,closed,closed,1,0.8758497991884743,closed
rgb,train,realsense__lg__2014_10_27-15_41_09-1311000073,door_1,door,closed,closed,1,0.8904525602691795,closed
rgb,train,kv1__NYUdata__NYU0029,door_1,door,closed,closed,1,0.8047568198707292,closed
rgb,train,kv1__NYUdata__NYU0029,door_2,door,closed,closed,1,0.8187811261629823,closed
rgb,train,kv1__NYUdata__NYU0052,door_1,door,closed,closed,1,0.8586761326624935,closed
rgb,train,kv1__NYUdata__NYU0062,door_1,door,closed,closed,1,0.8305933612161573,closed
rgb,train,kv1__NYUdata__NYU0121,door_1,door,closed,closed,1,0.8181636671695646,closed
rgb,train,kv1__NYUdata__NYU0163,door_1,door,closed,closed,1,0.810869608950365,closed
rgb,train,kv1__NYUdata__NYU0166,door_2,door,closed,closed,1,0.7697586026210412,closed
rgb,train,kv1__NYUdata__NYU0173,door_1,door,open,open,1,0.6801880214229763,open
rgb,train,kv1__NYUdata__NYU0173,door_2,door,open,open,1,0.736330184645473,open
rgb,train,kv1__NYUdata__NYU0201,door_1,door,open,open,1,0.6460903851313101,open
rgb,train,kv1__NYUdata__NYU0220,door_1,door,open,open,1,0.8252379412525152,open
rgb,train,kv1__NYUdata__NYU0221,door_1,door,closed,closed,1,0.9102349851406454,closed
rgb,train,kv1__NYUdata__NYU0221,door_2,door,open,open,1,0.7714950851270763,open
rgb,train,kv1__NYUdata__NYU0222,door_1,door,open,open,1,0.8316363183531359,open
rgb,train,kv1__NYUdata__NYU0222,door_2,door,closed,closed,1,0.9609504716981132,closed
rgb,train,kv1__NYUdata__NYU0222,door_3,door,closed,closed,1,0.7970349106734447,closed
rgb,train,kv1__NYUdata__NYU0260,door_1,door,closed,closed,1,0.8859837794196547,closed
rgb,train,kv1__NYUdata__NYU0260,door_2,door,closed,closed,1,0.7543524995449796,closed
rgb,train,kv1__NYUdata__NYU0262,door_1,door,closed,closed,1,0.8980693751870477,closed
rgb,train,kv1__NYUdata__NYU0265,door_2,door,closed,closed,1,0.7776974748670863,closed
rgb,train,kv1__NYUdata__NYU0265,door_3,door,open,open,1,0.7200315284401902,open
rgb,train,kv1__NYUdata__NYU0265,door_4,door,closed,closed,1,0.917528040799583,closed
rgb,train,kv1__NYUdata__NYU0272,door_1,door,open,open,1,0.7864204603774261,open
rgb,train,kv1__NYUdata__NYU0291,door_1,door,open,open,1,0.7206317147063264,open
rgb,train,kv1__NYUdata__NYU0349,door_1,door,open,open,1,0.7136327049561059,open
rgb,train,kv1__NYUdata__NYU0356,door_1,door,open,open,1,0.7197209434459214,open
rgb,train,kv1__NYUdata__NYU0377,door_1,door,open,open,1,0.6511266315919866,open
rgb,train,kv1__NYUdata__NYU0378,door_1,door,open,open,1,0.6754573329526312,open
rgb,train,kv1__NYUdata__NYU0420,door_1,door,closed,closed,1,0.9440129136361832,closed
rgb,train,kv1__NYUdata__NYU0420,door_2,door,closed,closed,1,0.8107713768810679,closed
rgb,train,kv1__NYUdata__NYU0420,door_3,door,closed,closed,1,0.9282821628097693,closed
rgb,train,kv1__NYUdata__NYU0436,door_1,door,open,open,1,0.7070646896826276,open
rgb,train,kv1__NYUdata__NYU0437,door_1,door,open,open,1,0.6100718655697376,open
rgb,train,kv1__NYUdata__NYU0485,door_1,door,open,open,1,0.7094762550910299,open
rgb,train,kv1__NYUdata__NYU0546,door_1,door,open,open,1,0.7406226013435939,open
rgb,train,kv1__NYUdata__NYU0549,door_1,door,closed,closed,1,0.8259090102177348,closed
rgb,train,kv1__NYUdata__NYU0552,door_1,door,open,open,1,0.6492116059009554,open
rgb,train,kv1__NYUdata__NYU0554,door_1,door,open,open,1,0.7619768890867719,open
rgb,train,kv1__NYUdata__NYU0581,door_1,door,closed,closed,1,0.8394544926902765,closed
rgb,train,kv1__NYUdata__NYU0583,door_1,door,closed,closed,1,0.8550951257680396,closed
rgb,train,kv1__NYUdata__NYU0593,door_1,door,closed,closed,1,0.8572379094336747,closed
rgb,train,kv1__NYUdata__NYU0635,door_1,door,open,open,1,0.7610220257865508,open
rgb,train,kv1__NYUdata__NYU0642,door_1,door,closed,closed,1,0.8544681443863695,closed
rgb,train,kv1__NYUdata__NYU0643,door_1,door,closed,closed,1,0.9104699926673239,closed
rgb,train,kv1__NYUdata__NYU0699,door_1,door,open,open,1,0.7390709477063896,open
rgb,train,kv1__NYUdata__NYU0772,door_1,door,closed,closed,1,0.7996058059758495,closed
rgb,train,kv1__NYUdata__NYU0772,door_2,door,closed,closed,1,0.7538074599423532,closed
rgb,train,kv1__NYUdata__NYU0789,door_1,door,closed,closed,1,0.8918521321978543,closed
rgb,train,kv1__NYUdata__NYU0789,door_2,door,closed,closed,1,0.946155260202669,closed
rgb,train,kv1__NYUdata__NYU0790,door_1,door,closed,closed,1,0.9092935899934922,closed
rgb,train,kv1__NYUdata__NYU0791,door_1,door,closed,closed,1,0.8843518704767394,closed
rgb,train,kv1__NYUdata__NYU0875,door_1,door,closed,closed,1,0.8798757581872708,closed
rgb,train,kv1__NYUdata__NYU0909,door_1,door,closed,closed,1,0.8136007283130696,closed
rgb,train,kv1__NYUdata__NYU0916,door_1,door,open,open,1,0.711010809673855,open
rgb,train,kv1__NYUdata__NYU0003,door_1,door,closed,closed,1,0.9541393858197886,closed
rgb,train,kv1__NYUdata__NYU0003,door_2,door,closed,closed,1,0.9441393858197887,closed
rgb,train,kv1__NYUdata__NYU0003,door_3,door,closed,closed,1,0.8276740508407474,closed
rgb,train,kv1__NYUdata__NYU0005,door_1,door,closed,closed,1,0.8556664943120397,closed
rgb,train,kv1__NYUdata__NYU0008,door_1,door,closed,closed,1,0.8538789810891629,closed
rgb,train,kv1__NYUdata__NYU0008,door_2,door,open,open,1,0.7262904951111506,open
rgb,train,kv1__NYUdata__NYU0009,door_1,door,closed,closed,1,0.9143572133674741,closed
rgb,train,kv1__NYUdata__NYU0010,door_1,door,closed,closed,1,0.8695349843674237,closed
rgb,train,kv1__NYUdata__NYU0012,door_1,door,closed,closed,1,0.85635426878284,closed
rgb,train,kv1__NYUdata__NYU0015,door_1,door,closed,closed,1,0.8067464491093794,closed
rgb,train,kv1__NYUdata__NYU0015,door_2,door,closed,closed,1,0.8615961658111955,closed
rgb,train,kv1__NYUdata__NYU0018,door_1,door,open,open,1,0.7080425190882164,open
rgb,train,kv1__NYUdata__NYU0019,door_1,door,open,open,1,0.6459284434834008,open
rgb,train,kv1__NYUdata__NYU0021,door_1,door,open,open,1,0.6777135689431862,open
rgb,train,kv1__NYUdata__NYU0035,door_1,door,closed,closed,1,0.860451121587923,closed
rgb,train,kv1__NYUdata__NYU0036,door_1,door,closed,closed,1,0.8914389703308583,closed
rgb,train,kv1__NYUdata__NYU0043,door_1,door,open,open,1,0.9047112643475312,open
rgb,train,kv1__NYUdata__NYU0043,door_2,door,open,open,1,0.9047112643475312,open
rgb,train,kv1__NYUdata__NYU0044,door_1,door,open,open,1,0.6978628309327556,open
rgb,train,kv1__NYUdata__NYU0044,door_2,door,open,open,1,0.8284640807987386,open
rgb,train,kv1__NYUdata__NYU0045,door_2,door,open,open,1,0.839431045521935,open
rgb,train,kv1__NYUdata__NYU0046,door_1,door,closed,closed,1,0.8356503284320133,closed
rgb,train,kv1__NYUdata__NYU0048,door_1,door,open,open,1,0.7500703000778582,open
rgb,train,kv1__NYUdata__NYU0049,door_1,door,open,open,1,0.7658756334835626,open
rgb,train,kv1__NYUdata__NYU0053,door_1,door,closed,closed,1,0.8154363040521077,closed
rgb,train,kv1__NYUdata__NYU0059,door_1,door,closed,closed,1,0.7568401491176207,closed
rgb,train,kv1__NYUdata__NYU0064,door_1,door,closed,closed,1,0.923842778017527,closed
rgb,train,kv1__NYUdata__NYU0072,door_1,door,closed,closed,1,0.8342163403255651,closed
rgb,train,kv1__NYUdata__NYU0080,door_1,door,closed,closed,1,0.8689182289941912,closed
rgb,train,kv1__NYUdata__NYU0108,door_1,door,closed,closed,1,0.7903553519730948,closed
rgb,train,kv1__NYUdata__NYU0108,door_2,door,closed,closed,1,0.7858675957840935,closed
rgb,train,kv1__NYUdata__NYU0150,door_1,door,closed,closed,1,0.8356125267096177,closed
rgb,train,kv1__NYUdata__NYU0154,door_1,door,closed,closed,1,0.8330887270658277,closed
rgb,train,kv1__NYUdata__NYU0159,door_1,door,closed,closed,1,0.8952417306719955,closed
rgb,val,xtion__sun3ddata__Portland_hotel__Portland_hotel__0000634-000021215628,door_1,door,closed,closed,1,0.6430190598969026,closed
rgb,val,xtion__sun3ddata__home_md__home_md_scan4_2012_july_29__0002005-000310822998,door_1,door,closed,closed,1,0.6390533545292111,closed
rgb,val,xtion__sun3ddata__hotel_florence_ant__hotel_room_florence_scan1_2012_oct_09__0000504-000016892064,door_1,door,closed,closed,1,0.6830993340375064,closed
rgb,val,xtion__sun3ddata__hotel_pedraza__hotel_room_pedraza_2012_nov_25__0000457-000015397777,door_1,door,closed,closed,1,0.8450093356701477,closed
rgb,val,xtion__sun3ddata__hotel_pedraza__hotel_room_pedraza_2012_nov_25__0009216-000308964421,door_1,door,open,closed,0,0.7363983063545718,closed
rgb,val,kv1__NYUdata__NYU0781,door_1,door,open,closed,0,0.7565232843306894,closed
rgb,val,kv1__NYUdata__NYU0782,door_1,door,open,closed,0,0.738541588858202,closed
rgb,val,kv1__NYUdata__NYU0785,door_1,door,closed,closed,1,0.5951402917354164,closed
rgb,val,kv1__NYUdata__NYU0788,door_1,door,closed,closed,1,0.6833976489505773,closed
rgb,val,kv1__NYUdata__NYU0788,door_2,door,closed,closed,1,0.8218559583001177,closed
rgb,val,kv1__NYUdata__NYU0801,door_1,door,closed,closed,1,0.6783049442456826,closed
rgb,val,kv1__NYUdata__NYU0801,door_2,door,closed,closed,1,0.7468215458465537,closed
rgb,val,kv1__NYUdata__NYU0828,door_1,door,closed,closed,1,0.7958007850216362,closed
rgb,val,kv1__NYUdata__NYU0926,door_2,door,open,closed,0,0.7199825039996188,closed
rgb,val,kv1__NYUdata__NYU0929,door_1,door,closed,closed,1,0.5419509001116275,closed
rgb,val,kv1__NYUdata__NYU0931,door_1,door,closed,closed,1,0.5699631436058519,closed
rgb,val,kv1__NYUdata__NYU0952,door_1,door,open,closed,0,0.704028882900097,closed
rgb,val,kv1__NYUdata__NYU0162,door_1,door,closed,closed,1,0.5881941755275267,closed
rgb,val,kv1__NYUdata__NYU0165,door_1,door,closed,closed,1,0.5915293573938146,closed
rgb,val,kv1__NYUdata__NYU0171,door_1,door,open,closed,0,0.5157639902675171,closed
rgb,val,kv1__NYUdata__NYU0172,door_1,door,open,closed,0,0.6072315965046289,closed
rgb,val,kv1__NYUdata__NYU0172,door_2,door,open,open,1,0.5171238214003685,open
rgb,val,kv1__NYUdata__NYU0194,door_1,door,closed,closed,1,0.8125775487177774,closed
rgb,val,kv1__NYUdata__NYU0194,door_2,door,closed,closed,1,0.8125775487177774,closed
rgb,test,xtion__sun3ddata__mit_32_d460__d460-1__0002626-000087979500,door_1,door,closed,closed,1,0.6876658670103953,closed
rgb,test,kv1__NYUdata__NYU0854,door_1,door,open,closed,0,0.7753111528225927,closed
rgb,test,kv1__NYUdata__NYU0877,door_1,door,open,closed,0,0.6288019368198079,closed
rgb,test,kv1__NYUdata__NYU0912,door_2,door,open,closed,0,0.583486986230068,closed
rgb,test,kv1__NYUdata__NYU0912,door_4,door,open,closed,0,0.5191404789099104,closed
rgb,test,kv1__NYUdata__NYU0962,door_1,door,closed,closed,1,0.6434091308938387,closed
rgb,test,kv1__NYUdata__NYU0962,door_2,door,closed,closed,1,0.7626045780279587,closed
rgb,test,kv1__NYUdata__NYU0970,door_1,door,closed,closed,1,0.7986126216917685,closed
rgb,test,kv1__NYUdata__NYU0972,door_1,door,closed,closed,1,0.8456641462761552,closed
rgb,test,kv1__NYUdata__NYU0973,door_1,door,closed,closed,1,0.7431669315641191,closed
rgb,test,kv1__NYUdata__NYU0998,door_1,door,open,closed,0,0.5113149041002295,closed
rgb,test,kv1__NYUdata__NYU0998,door_2,door,open,closed,0,0.8369273742778229,closed
rgb,test,kv1__NYUdata__NYU1009,door_1,door,open,closed,0,0.5074729937891067,closed
rgb,test,kv1__NYUdata__NYU0208,door_1,door,closed,closed,1,0.5052500126709749,closed
rgb,test,kv1__NYUdata__NYU0212,door_1,door,closed,closed,1,0.6270021026921717,closed
rgb,test,kv1__NYUdata__NYU0212,door_2,door,open,closed,0,0.659317953736064,closed
rgb,test,kv1__NYUdata__NYU0227,door_1,door,closed,closed,1,0.5956535462386952,closed
rgb,test,kv1__NYUdata__NYU0238,door_1,door,closed,closed,1,0.7198685208591648,closed
rgb,train,kv1__NYUdata__NYU0228,lamp_1,lamp,on,on,1,0.73656943898173,on
rgb,train,kv1__NYUdata__NYU0579,lamp_1,lamp,on,on,1,0.9684978382661423,on
rgb,train,kv1__NYUdata__NYU0614,lamp_1,lamp,off,off,1,0.8855494416054355,off
rgb,train,kv1__NYUdata__NYU0625,lamp_1,lamp,off,off,1,0.6605704572969961,off
rgb,train,kv1__NYUdata__NYU1232,lamp_1,lamp,on,on,1,0.6605664560937266,on
rgb,train,kv1__NYUdata__NYU1232,lamp_2,lamp,on,on,1,0.6575746570276592,on
rgb,train,kv1__NYUdata__NYU1289,lamp_1,lamp,off,off,1,0.876731571803255,off
rgb,train,kv1__NYUdata__NYU1290,lamp_1,lamp,off,off,1,0.8334209746284503,off
rgb,train,kv2__kinect2data__000401_2014-06-09_22-23-08_260595134347_rgbf000123-resize,lamp_1,lamp,on,on,1,0.9777477477477478,on
rgb,train,kv2__kinect2data__000415_2014-06-04_19-50-03_260595134347_rgbf000070-resize,lamp_2,lamp,on,on,1,0.9873076713076713,on
rgb,train,kv2__kinect2data__000579_2014-06-08_11-07-06_260595134347_rgbf000166-resize,lamp_1,lamp,off,off,1,0.741262662520113,off
rgb,train,kv2__kinect2data__000795_2014-06-08_22-39-38_260595134347_rgbf000063-resize,lamp_1,lamp,off,off,1,0.8607493277418715,off
rgb,train,kv2__kinect2data__000827_2014-06-04_19-29-38_260595134347_rgbf000055-resize,lamp_2,lamp,on,on,1,0.9852963129376778,on
rgb,train,kv2__kinect2data__000831_2014-06-04_19-50-37_260595134347_rgbf000064-resize,lamp_1,lamp,on,on,1,0.7198581666781589,on
rgb,train,kv2__kinect2data__000831_2014-06-04_19-50-37_260595134347_rgbf000064-resize,lamp_2,lamp,on,on,1,0.9697290559503464,on
rgb,train,kv2__kinect2data__001068_2014-06-08_22-04-21_260595134347_rgbf000078-resize,lamp_2,lamp,off,off,1,0.8530548182267047,off
rgb,train,kv2__kinect2data__001096_2014-06-15_17-42-27_260595134347_rgbf000136-resize,lamp_1,lamp,off,off,1,0.8601914516120289,off
rgb,train,kv2__kinect2data__001111_2014-06-15_17-27-08_260595134347_rgbf000164-resize,lamp_1,lamp,off,off,1,0.8548030425929509,off
rgb,train,kv2__kinect2data__001683_2014-06-26_19-14-58_260595134347_rgbf000042-resize,lamp_1,lamp,off,off,1,0.7784093095787634,off
rgb,train,kv2__kinect2data__001684_2014-06-26_19-15-13_260595134347_rgbf000103-resize,lamp_1,lamp,off,off,1,0.6852666194884618,off
rgb,train,kv2__kinect2data__002037_2014-06-24_20-21-35_260595134347_rgbf000033-resize,lamp_1,lamp,on,on,1,0.9764761124761124,on
rgb,train,kv2__kinect2data__002038_2014-06-24_20-21-59_260595134347_rgbf000131-resize,lamp_1,lamp,on,on,1,0.9817313677313676,on
rgb,train,kv2__kinect2data__002452_2014-06-28_20-33-54_260595134347_rgbf000018-resize,lamp_2,lamp,off,off,1,0.8953749433718456,off
rgb,train,kv2__kinect2data__003048_2014-06-15_13-49-43_094959634447_rgbf000150-resize,lamp_2,lamp,on,on,1,0.959619294039391,on
rgb,train,realsense__lg__2014_10_27-15_41_09-1311000073,lamp_1,lamp,on,on,1,0.9345964699616949,on
rgb,train,kv1__NYUdata__NYU0052,lamp_1,lamp,on,on,1,0.852817108512767,on
rgb,train,kv1__NYUdata__NYU0156,lamp_1,lamp,on,on,1,0.5657684032916154,on
rgb,train,kv1__NYUdata__NYU0166,lamp_1,lamp,on,on,1,0.8884906744633337,on
rgb,train,kv1__NYUdata__NYU0166,lamp_2,lamp,on,on,1,0.8811538875890541,on
rgb,train,kv1__NYUdata__NYU0173,lamp_1,lamp,off,off,1,0.9109027029733553,off
rgb,train,kv1__NYUdata__NYU0173,lamp_2,lamp,off,off,1,0.8720017794464705,off
rgb,train,kv1__NYUdata__NYU0185,lamp_1,lamp,off,off,1,0.881034224280803,off
rgb,train,kv1__NYUdata__NYU0186,lamp_1,lamp,off,off,1,0.9119745870916639,off
rgb,train,kv1__NYUdata__NYU0186,lamp_2,lamp,off,off,1,0.8779443417738253,off
rgb,train,kv1__NYUdata__NYU0191,lamp_1,lamp,on,on,1,0.9453973084153507,on
rgb,train,kv1__NYUdata__NYU0221,lamp_1,lamp,off,off,1,0.8065014562362629,off
rgb,train,kv1__NYUdata__NYU0221,lamp_2,lamp,off,off,1,0.805166194998568,off
rgb,train,kv1__NYUdata__NYU0222,lamp_1,lamp,on,on,1,0.5758984187923815,on
rgb,train,kv1__NYUdata__NYU0234,lamp_1,lamp,on,on,1,0.870434791149096,on
rgb,train,kv1__NYUdata__NYU0234,lamp_2,lamp,on,on,1,0.7359361656734413,on
rgb,train,kv1__NYUdata__NYU0265,lamp_1,lamp,on,on,1,0.7541444542072995,on
rgb,train,kv1__NYUdata__NYU0268,lamp_1,lamp,on,on,1,0.8070371747934585,on
rgb,train,kv1__NYUdata__NYU0309,lamp_1,lamp,off,off,1,0.8485165340990004,off
rgb,train,kv1__NYUdata__NYU0378,lamp_1,lamp,on,on,1,0.9524874232413824,on
rgb,train,kv1__NYUdata__NYU0387,lamp_1,lamp,on,on,1,0.8729513167681705,on
rgb,train,kv1__NYUdata__NYU0388,lamp_1,lamp,on,on,1,0.9836312841441048,on
rgb,train,kv1__NYUdata__NYU0398,lamp_1,lamp,off,off,1,0.8421313926077968,off
rgb,train,kv1__NYUdata__NYU0402,lamp_1,lamp,off,off,1,0.8427704389604014,off
rgb,train,kv1__NYUdata__NYU0546,lamp_1,lamp,off,off,1,0.8656793284657638,off
rgb,train,kv1__NYUdata__NYU0556,lamp_1,lamp,off,off,1,0.6989618177731827,off
rgb,train,kv1__NYUdata__NYU0580,lamp_1,lamp,on,on,1,0.8974361572505049,on
rgb,train,kv1__NYUdata__NYU0581,lamp_1,lamp,on,on,1,0.9225774456675159,on
rgb,train,kv1__NYUdata__NYU0582,lamp_1,lamp,on,on,1,0.9747647088429212,on
rgb,train,kv1__NYUdata__NYU0583,lamp_1,lamp,on,on,1,0.9735301566626867,on
rgb,train,kv1__NYUdata__NYU0593,lamp_1,lamp,on,on,1,0.9565741888592485,on
rgb,train,kv1__NYUdata__NYU0594,lamp_1,lamp,off,off,1,0.8149326594949421,off
rgb,train,kv1__NYUdata__NYU0603,lamp_1,lamp,on,on,1,0.7386091838394154,on
rgb,train,kv1__NYUdata__NYU0605,lamp_1,lamp,on,on,1,0.7384633813686724,on
rgb,train,kv1__NYUdata__NYU0668,lamp_1,lamp,on,on,1,0.9093269073320335,on
rgb,train,kv1__NYUdata__NYU0766,lamp_1,lamp,off,off,1,0.679360966499595,off
rgb,train,kv1__NYUdata__NYU0789,lamp_1,lamp,on,on,1,0.8824649608227031,on
rgb,train,kv1__NYUdata__NYU0789,lamp_4,lamp,on,on,1,0.800053718888036,on
rgb,train,kv1__NYUdata__NYU0789,lamp_5,lamp,on,on,1,0.720462606044925,on
rgb,train,kv1__NYUdata__NYU0789,lamp_6,lamp,on,on,1,0.7685076540123531,on
rgb,train,kv1__NYUdata__NYU0790,lamp_1,lamp,off,off,1,0.8312681178254039,off
rgb,train,kv1__NYUdata__NYU0791,lamp_1,lamp,on,on,1,0.7434628988947327,on
rgb,train,kv1__NYUdata__NYU0791,lamp_2,lamp,on,on,1,0.7993835256341931,on
rgb,train,kv1__NYUdata__NYU0875,lamp_1,lamp,on,on,1,0.8647634915848185,on
rgb,train,kv1__NYUdata__NYU0875,lamp_2,lamp,on,on,1,0.8552947936572028,on
rgb,train,kv1__NYUdata__NYU0875,lamp_3,lamp,on,on,1,0.9072794001551724,on
rgb,train,kv1__NYUdata__NYU0882,lamp_2,lamp,off,off,1,0.8840355041224851,off
rgb,train,kv1__NYUdata__NYU0885,lamp_1,lamp,on,on,1,0.9651225157416231,on
rgb,train,kv1__NYUdata__NYU0909,lamp_1,lamp,off,off,1,0.9300433629530835,off
rgb,train,kv1__NYUdata__NYU0916,lamp_1,lamp,off,off,1,0.9118498473165954,off
rgb,train,kv1__NYUdata__NYU0919,lamp_1,lamp,off,off,1,0.9064033729284966,off
rgb,train,kv1__NYUdata__NYU0920,lamp_1,lamp,off,off,1,0.8501265167711223,off
rgb,train,kv1__NYUdata__NYU0920,lamp_2,lamp,off,off,1,0.8758377870893904,off
rgb,train,kv1__NYUdata__NYU0932,lamp_1,lamp,off,off,1,0.7216415711582378,off
rgb,train,kv1__NYUdata__NYU0935,lamp_1,lamp,off,off,1,0.7748014962066445,off
rgb,train,kv1__NYUdata__NYU0946,lamp_1,lamp,off,off,1,0.8756371689668166,off
rgb,train,kv1__NYUdata__NYU0960,lamp_1,lamp,on,on,1,0.9346835095098451,on
rgb,train,kv1__NYUdata__NYU0980,lamp_1,lamp,off,off,1,0.5967596895813551,off
rgb,train,kv1__NYUdata__NYU0994,lamp_1,lamp,off,off,1,0.9561811260166617,off
rgb,train,kv1__NYUdata__NYU0050,lamp_1,lamp,on,on,1,0.8830662849521065,on
rgb,train,kv1__NYUdata__NYU0055,lamp_1,lamp,on,on,1,1.0,on
rgb,train,kv1__NYUdata__NYU0073,lamp_1,lamp,off,off,1,0.9285005099584087,off
rgb,train,kv1__NYUdata__NYU0076,lamp_1,lamp,off,off,1,0.9461098566187608,off
rgb,train,kv1__NYUdata__NYU0079,lamp_1,lamp,off,off,1,0.9491257020114953,off
rgb,train,kv1__NYUdata__NYU0090,lamp_1,lamp,on,on,1,0.8939324626045694,on
rgb,train,kv1__NYUdata__NYU0093,lamp_1,lamp,off,off,1,0.9037933855819116,off
rgb,train,kv1__NYUdata__NYU0094,lamp_1,lamp,on,on,1,0.9078430974269742,on
rgb,train,kv1__NYUdata__NYU0095,lamp_1,lamp,on,on,1,0.7891889719212135,on
rgb,train,kv1__NYUdata__NYU0110,lamp_1,lamp,on,on,1,0.8911763311896143,on
rgb,train,kv1__NYUdata__NYU0110,lamp_2,lamp,on,on,1,0.8931413871706386,on
rgb,train,kv1__NYUdata__NYU0149,lamp_1,lamp,off,off,1,0.8009415156850177,off
rgb,train,kv1__NYUdata__NYU0151,lamp_1,lamp,on,on,1,0.817623108808784,on
rgb,train,kv1__NYUdata__NYU0161,lamp_1,lamp,off,off,1,0.8897796156638461,off
rgb,train,kv1__NYUdata__NYU0174,lamp_1,lamp,off,off,1,0.8029600574627204,off
rgb,train,kv1__NYUdata__NYU0176,lamp_1,lamp,off,off,1,0.8332137784299248,off
rgb,train,kv1__NYUdata__NYU0176,lamp_2,lamp,off,off,1,0.8009593859910449,off
rgb,train,kv1__NYUdata__NYU0178,lamp_1,lamp,on,on,1,0.5460130028304191,on
rgb,train,kv1__NYUdata__NYU0181,lamp_2,lamp,off,off,1,0.6680053918700882,off
rgb,train,kv1__NYUdata__NYU0184,lamp_1,lamp,off,off,1,0.8470939411542708,off
rgb,train,kv1__NYUdata__NYU0184,lamp_2,lamp,off,off,1,0.8509135654403719,off
rgb,train,kv1__NYUdata__NYU0187,lamp_1,lamp,off,off,1,0.9107169035754699,off
rgb,train,kv1__NYUdata__NYU0187,lamp_2,lamp,on,on,1,0.9347225360900273,on
rgb,train,kv1__NYUdata__NYU0189,lamp_1,lamp,off,off,1,0.8954398592997533,off
rgb,train,kv1__NYUdata__NYU0190,lamp_1,lamp,on,on,1,0.9685662553839985,on
rgb,train,kv1__NYUdata__NYU0217,lamp_1,lamp,on,on,1,0.952715400019748,on
rgb,train,kv1__NYUdata__NYU0240,lamp_1,lamp,on,on,1,0.7863517498023643,on
rgb,train,kv1__NYUdata__NYU0240,lamp_2,lamp,on,on,1,0.971013921683605,on
rgb,val,xtion__sun3ddata__Portland_hotel__Portland_hotel__0000634-000021215628,lamp_1,lamp,on,on,1,0.9458331735891905,on
rgb,val,xtion__sun3ddata__home_md__home_md_scan4_2012_july_29__0002005-000310822998,lamp_1,lamp,off,on,0,0.791820181168701,on
rgb,val,xtion__sun3ddata__hotel_florence_ant__hotel_room_florence_scan1_2012_oct_09__0000504-000016892064,lamp_1,lamp,on,on,1,0.920670737263556,on
rgb,val,xtion__sun3ddata__hotel_florence_ant__hotel_room_florence_scan1_2012_oct_09__0001910-000064049076,lamp_1,lamp,on,on,1,0.816795590707365,on
rgb,val,xtion__sun3ddata__hotel_pedraza__hotel_room_pedraza_2012_nov_25__0000457-000015397777,lamp_1,lamp,off,off,1,0.5698316099515633,off
rgb,val,kv1__NYUdata__NYU0922,lamp_1,lamp,off,on,0,0.5194181427412193,on
rgb,val,kv1__NYUdata__NYU0929,lamp_1,lamp,off,off,1,0.8255545971287817,off
rgb,val,kv1__NYUdata__NYU0952,lamp_1,lamp,off,on,0,0.5749018134003011,on
rgb,val,kv1__NYUdata__NYU1081,lamp_1,lamp,off,off,1,0.7261249025126376,off
rgb,val,kv1__NYUdata__NYU1088,lamp_1,lamp,off,off,1,0.5995898134836617,off
rgb,val,kv1__NYUdata__NYU1138,lamp_1,lamp,off,off,1,0.6607557913153215,off
rgb,val,kv1__NYUdata__NYU1186,lamp_1,lamp,off,off,1,0.7080568308998229,off
rgb,val,kv1__NYUdata__NYU1225,lamp_1,lamp,off,off,1,0.5812134490614069,off
rgb,val,kv1__NYUdata__NYU1226,lamp_1,lamp,off,off,1,0.5330026494256217,off
rgb,val,kv1__NYUdata__NYU0241,lamp_1,lamp,on,on,1,0.7767502280254591,on
rgb,val,kv1__NYUdata__NYU0242,lamp_1,lamp,on,on,1,0.8602578443433754,on
rgb,val,kv1__NYUdata__NYU0243,lamp_1,lamp,on,on,1,0.8996844011062891,on
rgb,val,kv1__NYUdata__NYU0243,lamp_2,lamp,off,off,1,0.7144875420453468,off
rgb,val,kv1__NYUdata__NYU0245,lamp_1,lamp,off,off,1,0.7284675043803034,off
rgb,val,kv1__NYUdata__NYU0247,lamp_1,lamp,on,on,1,0.9421471096049904,on
rgb,test,xtion__sun3ddata__mit_32_lounge_d429__d4_lounge_1__0001239-000041492808,lamp_1,lamp,on,on,1,0.5906816760655844,on
rgb,test,xtion__sun3ddata__mit_32_lounge_d429__d4_lounge_1__0001239-000041492808,lamp_2,lamp,on,off,0,0.7027786075514387,off
rgb,test,kv1__NYUdata__NYU0962,lamp_1,lamp,off,off,1,0.6740534789746627,off
rgb,test,kv1__NYUdata__NYU0972,lamp_1,lamp,off,off,1,0.7195051130190635,off
rgb,test,kv1__NYUdata__NYU0973,lamp_1,lamp,off,off,1,0.6943046102633453,off
rgb,test,kv1__NYUdata__NYU0978,lamp_1,lamp,off,off,1,0.7004923414488484,off
rgb,test,kv1__NYUdata__NYU0978,lamp_2,lamp,off,off,1,0.5611900515293232,off
rgb,test,kv1__NYUdata__NYU0998,lamp_1,lamp,off,off,1,0.6770723368838916,off
rgb,test,kv1__NYUdata__NYU0998,lamp_2,lamp,off,off,1,0.8629955264885768,off
rgb,test,kv1__NYUdata__NYU0998,lamp_3,lamp,off,off,1,0.5362317199609481,off
rgb,test,kv1__NYUdata__NYU0998,lamp_4,lamp,off,off,1,0.8001080653523478,off
rgb,test,kv1__NYUdata__NYU1009,lamp_1,lamp,off,off,1,0.7360907283798649,off
rgb,test,kv1__NYUdata__NYU1300,lamp_1,lamp,on,off,0,0.5767261384061871,off
rgb,test,kv1__b3dodata__img_0225,lamp_1,lamp,off,off,1,0.5817844911828198,off
rgb,test,kv1__b3dodata__img_0263,lamp_1,lamp,off,off,1,0.6902889869757045,off
rgb,test,kv1__NYUdata__NYU0248,lamp_1,lamp,off,off,1,0.6632198716572688,off
rgb,test,kv1__NYUdata__NYU0256,lamp_1,lamp,on,on,1,0.8539584801728854,on
rgb,test,kv1__NYUdata__NYU0261,lamp_1,lamp,off,on,0,0.700320762319037,on
rgb,test,kv1__NYUdata__NYU0261,lamp_2,lamp,off,off,1,0.7766351680730277,off
rgb,test,kv1__NYUdata__NYU0280,lamp_1,lamp,off,off,1,0.7507261335851125,off
rgb,test,kv1__NYUdata__NYU0280,lamp_2,lamp,off,off,1,0.7878268171517313,off
rgb,test,kv1__NYUdata__NYU0281,lamp_1,lamp,off,off,1,0.7357584933450108,off
rgb,test,kv1__NYUdata__NYU0281,lamp_2,lamp,off,off,1,0.7776568953226783,off
rgb,test,kv1__NYUdata__NYU0281,lamp_3,lamp,off,off,1,0.58332254473596,off
rgb,test,kv1__NYUdata__NYU0283,lamp_1,lamp,off,off,1,0.7507270967592364,off
rgb,test,kv1__NYUdata__NYU0283,lamp_2,lamp,off,off,1,0.741403304668502,off
rgb,train,kv1__NYUdata__NYU0228,monitor_or_tv_1,monitor_or_tv,off,off,1,0.9024217833880778,off
rgb,train,kv1__NYUdata__NYU0579,monitor_or_tv_1,monitor_or_tv,off,off,1,0.9806010928961749,off
rgb,train,kv1__NYUdata__NYU0614,monitor_or_tv_1,monitor_or_tv,off,off,1,0.9807601281418624,off
rgb,train,kv1__NYUdata__NYU0964,monitor_or_tv_1,monitor_or_tv,off,off,1,0.9797765363696764,off
rgb,train,kv1__NYUdata__NYU1290,monitor_or_tv_1,monitor_or_tv,off,off,1,0.9908073895823933,off
rgb,train,kv1__b3dodata__img_0556,monitor_or_tv_1,monitor_or_tv,off,off,1,0.9746487131452409,off
rgb,train,kv1__b3dodata__img_0669,monitor_or_tv_1,monitor_or_tv,off,off,1,0.9685430981122052,off
rgb,train,kv2__kinect2data__000415_2014-06-04_19-50-03_260595134347_rgbf000070-resize,monitor_or_tv_1,monitor_or_tv,off,off,1,1.0,off
rgb,train,kv2__kinect2data__000440_2014-06-08_11-25-22_260595134347_rgbf000080-resize,monitor_or_tv_1,monitor_or_tv,off,off,1,0.9129222547757572,off
rgb,train,kv2__kinect2data__000440_2014-06-08_11-25-22_260595134347_rgbf000080-resize,monitor_or_tv_2,monitor_or_tv,off,off,1,0.9817043010382054,off
rgb,train,kv2__kinect2data__000440_2014-06-08_11-25-22_260595134347_rgbf000080-resize,monitor_or_tv_3,monitor_or_tv,off,off,1,1.0,off
rgb,train,kv2__kinect2data__000440_2014-06-08_11-25-22_260595134347_rgbf000080-resize,monitor_or_tv_4,monitor_or_tv,off,off,1,0.8827461591775887,off
rgb,train,kv2__kinect2data__000440_2014-06-08_11-25-22_260595134347_rgbf000080-resize,monitor_or_tv_5,monitor_or_tv,off,off,1,0.8422494528873368,off
rgb,train,kv2__kinect2data__000579_2014-06-08_11-07-06_260595134347_rgbf000166-resize,monitor_or_tv_1,monitor_or_tv,off,off,1,0.9888071779395231,off
rgb,train,kv2__kinect2data__000782_2014-06-08_22-29-24_260595134347_rgbf000048-resize,monitor_or_tv_1,monitor_or_tv,off,off,1,0.9223018091525891,off
rgb,train,kv2__kinect2data__000795_2014-06-08_22-39-38_260595134347_rgbf000063-resize,monitor_or_tv_1,monitor_or_tv,off,off,1,0.9340461262836112,off
rgb,train,kv2__kinect2data__000795_2014-06-08_22-39-38_260595134347_rgbf000063-resize,monitor_or_tv_2,monitor_or_tv,off,off,1,0.9836065573770492,off
rgb,train,kv2__kinect2data__000827_2014-06-04_19-29-38_260595134347_rgbf000055-resize,monitor_or_tv_1,monitor_or_tv,off,off,1,0.9275932273426366,off
rgb,train,kv2__kinect2data__001068_2014-06-08_22-04-21_260595134347_rgbf000078-resize,monitor_or_tv_1,monitor_or_tv,off,off,1,0.9882543603563141,off
rgb,train,kv2__kinect2data__001068_2014-06-08_22-04-21_260595134347_rgbf000078-resize,monitor_or_tv_2,monitor_or_tv,off,off,1,1.0,off
rgb,train,kv2__kinect2data__001068_2014-06-08_22-04-21_260595134347_rgbf000078-resize,monitor_or_tv_3,monitor_or_tv,off,off,1,0.9877473293371513,off
rgb,train,kv2__kinect2data__001096_2014-06-15_17-42-27_260595134347_rgbf000136-resize,monitor_or_tv_1,monitor_or_tv,off,off,1,0.9862770892503613,off
rgb,train,kv2__kinect2data__001111_2014-06-15_17-27-08_260595134347_rgbf000164-resize,monitor_or_tv_1,monitor_or_tv,off,off,1,0.9757774694807521,off
rgb,train,kv2__kinect2data__001683_2014-06-26_19-14-58_260595134347_rgbf000042-resize,monitor_or_tv_1,monitor_or_tv,off,off,1,0.8447129808996073,off
rgb,train,kv2__kinect2data__001684_2014-06-26_19-15-13_260595134347_rgbf000103-resize,monitor_or_tv_1,monitor_or_tv,off,off,1,0.9699635902471065,off
rgb,train,kv2__kinect2data__002038_2014-06-24_20-21-59_260595134347_rgbf000131-resize,monitor_or_tv_1,monitor_or_tv,off,off,1,0.9722749118334819,off
rgb,train,kv2__kinect2data__002452_2014-06-28_20-33-54_260595134347_rgbf000018-resize,monitor_or_tv_1,monitor_or_tv,off,off,1,0.969862124514356,off
rgb,train,kv2__kinect2data__003048_2014-06-15_13-49-43_094959634447_rgbf000150-resize,monitor_or_tv_1,monitor_or_tv,off,off,1,0.9653094977552843,off
rgb,train,kv1__NYUdata__NYU0029,monitor_or_tv_1,monitor_or_tv,off,off,1,0.9382600581862571,off
rgb,train,kv1__NYUdata__NYU0030,monitor_or_tv_1,monitor_or_tv,off,off,1,0.9875999999999999,off
rgb,train,kv1__NYUdata__NYU0062,monitor_or_tv_1,monitor_or_tv,off,off,1,0.9656754919201016,off
rgb,train,kv1__NYUdata__NYU0121,monitor_or_tv_2,monitor_or_tv,off,off,1,0.8913349519227503,off
rgb,train,kv1__NYUdata__NYU0156,monitor_or_tv_1,monitor_or_tv,on,on,1,0.9457397572271661,on
rgb,train,kv1__NYUdata__NYU0163,monitor_or_tv_1,monitor_or_tv,off,off,1,0.962302868090535,off
rgb,train,kv1__NYUdata__NYU0201,monitor_or_tv_1,monitor_or_tv,off,off,1,0.9966666666666667,off
rgb,train,kv1__NYUdata__NYU0220,monitor_or_tv_1,monitor_or_tv,off,off,1,0.9482203641400114,off
rgb,train,kv1__NYUdata__NYU0232,monitor_or_tv_1,monitor_or_tv,off,off,1,0.9698639080978556,off
rgb,train,kv1__NYUdata__NYU0234,monitor_or_tv_1,monitor_or_tv,on,on,1,0.6360612890288571,on
rgb,train,kv1__NYUdata__NYU0262,monitor_or_tv_1,monitor_or_tv,off,off,1,0.9767632775341633,off
rgb,train,kv1__NYUdata__NYU0272,monitor_or_tv_1,monitor_or_tv,off,off,1,0.9972950819672131,off
rgb,train,kv1__NYUdata__NYU0272,monitor_or_tv_2,monitor_or_tv,off,off,1,0.9777338796144107,off
rgb,train,kv1__NYUdata__NYU0272,monitor_or_tv_3,monitor_or_tv,on,on,1,0.8174270482031151,on
rgb,train,kv1__NYUdata__NYU0291,monitor_or_tv_1,monitor_or_tv,off,off,1,0.9877473293371513,off
rgb,train,kv1__NYUdata__NYU0291,monitor_or_tv_2,monitor_or_tv,off,off,1,0.9977056277056275,off
rgb,train,kv1__NYUdata__NYU0309,monitor_or_tv_1,monitor_or_tv,off,off,1,0.9852277432712215,off
rgb,train,kv1__NYUdata__NYU0309,monitor_or_tv_2,monitor_or_tv,off,off,1,0.9908571428571429,off
rgb,train,kv1__NYUdata__NYU0349,monitor_or_tv_1,monitor_or_tv,off,off,1,0.9350974150177445,off
rgb,train,kv1__NYUdata__NYU0349,monitor_or_tv_2,monitor_or_tv,off,off,1,0.9354646160095766,off
rgb,train,kv1__NYUdata__NYU0355,monitor_or_tv_1,monitor_or_tv,off,off,1,0.9178935873249642,off
rgb,train,kv1__NYUdata__NYU0355,monitor_or_tv_2,monitor_or_tv,off,off,1,0.8223173793813969,off
rgb,train,kv1__NYUdata__NYU0356,monitor_or_tv_1,monitor_or_tv,off,off,1,0.9017093566345358,off
rgb,train,kv1__NYUdata__NYU0377,monitor_or_tv_1,monitor_or_tv,off,off,1,0.9134108316928479,off
rgb,train,kv1__NYUdata__NYU0387,monitor_or_tv_1,monitor_or_tv,off,off,1,0.6203014664108928,off
rgb,train,kv1__NYUdata__NYU0387,monitor_or_tv_2,monitor_or_tv,off,off,1,0.8747390986039818,off
rgb,train,kv1__NYUdata__NYU0388,monitor_or_tv_2,monitor_or_tv,off,off,1,0.7082485226447284,off
rgb,train,kv1__NYUdata__NYU0388,monitor_or_tv_3,monitor_or_tv,off,off,1,0.8247110775540506,off
rgb,train,kv1__NYUdata__NYU0398,monitor_or_tv_1,monitor_or_tv,off,off,1,0.9336086158497974,off
rgb,train,kv1__NYUdata__NYU0421,monitor_or_tv_1,monitor_or_tv,off,off,1,1.0,off
rgb,train,kv1__NYUdata__NYU0429,monitor_or_tv_1,monitor_or_tv,on,on,1,0.6493756544060807,on
rgb,train,kv1__NYUdata__NYU0429,monitor_or_tv_2,monitor_or_tv,off,off,1,0.9299170432065679,off
rgb,train,kv1__NYUdata__NYU0436,monitor_or_tv_1,monitor_or_tv,on,on,1,0.6960662704491247,on
rgb,train,kv1__NYUdata__NYU0437,monitor_or_tv_1,monitor_or_tv,on,on,1,0.7478691731421107,on
rgb,train,kv1__NYUdata__NYU0474,monitor_or_tv_1,monitor_or_tv,on,on,1,0.8554589795136305,on
rgb,train,kv1__NYUdata__NYU0485,monitor_or_tv_1,monitor_or_tv,off,off,1,0.9244274348130962,off
rgb,train,kv1__NYUdata__NYU0552,monitor_or_tv_1,monitor_or_tv,off,off,1,0.9948641194425035,off
rgb,train,kv1__NYUdata__NYU0552,monitor_or_tv_2,monitor_or_tv,off,off,1,1.0,off
rgb,train,kv1__NYUdata__NYU0553,monitor_or_tv_1,monitor_or_tv,off,off,1,0.9709468866736493,off
rgb,train,kv1__NYUdata__NYU0556,monitor_or_tv_1,monitor_or_tv,off,off,1,0.9850135661232434,off
rgb,train,kv1__NYUdata__NYU0582,monitor_or_tv_1,monitor_or_tv,off,off,1,0.9769123258908556,off
rgb,train,kv1__NYUdata__NYU0602,monitor_or_tv_1,monitor_or_tv,off,off,1,0.984660315858687,off
rgb,train,kv1__NYUdata__NYU0605,monitor_or_tv_1,monitor_or_tv,on,on,1,0.8678053188825627,on
rgb,train,kv1__NYUdata__NYU0605,monitor_or_tv_2,monitor_or_tv,on,on,1,0.694127251610763,on
rgb,train,kv1__NYUdata__NYU0635,monitor_or_tv_1,monitor_or_tv,off,off,1,1.0,off
rgb,train,kv1__NYUdata__NYU0635,monitor_or_tv_2,monitor_or_tv,off,off,1,0.9381776563448695,off
rgb,train,kv1__NYUdata__NYU0642,monitor_or_tv_1,monitor_or_tv,off,off,1,0.9904371584699453,off
rgb,train,kv1__NYUdata__NYU0643,monitor_or_tv_1,monitor_or_tv,off,off,1,0.9933333333333333,off
rgb,train,kv1__NYUdata__NYU0745,monitor_or_tv_1,monitor_or_tv,on,on,1,0.9343193238382285,on
rgb,train,kv1__NYUdata__NYU0749,monitor_or_tv_1,monitor_or_tv,on,on,1,0.9411925458624634,on
rgb,train,kv1__NYUdata__NYU0766,monitor_or_tv_1,monitor_or_tv,on,on,1,0.7326457408285046,on
rgb,train,kv1__NYUdata__NYU0772,monitor_or_tv_1,monitor_or_tv,off,off,1,0.9700852091425548,off
rgb,train,kv1__NYUdata__NYU0920,monitor_or_tv_1,monitor_or_tv,off,off,1,0.9853800298062593,off
rgb,train,kv1__NYUdata__NYU0935,monitor_or_tv_1,monitor_or_tv,off,off,1,0.9244824007490835,off
rgb,train,kv1__NYUdata__NYU0946,monitor_or_tv_1,monitor_or_tv,off,off,1,0.9904098360655739,off
rgb,train,kv1__NYUdata__NYU0960,monitor_or_tv_1,monitor_or_tv,off,off,1,0.840701009435733,off
rgb,train,kv1__NYUdata__NYU0980,monitor_or_tv_1,monitor_or_tv,off,off,1,0.993879781420765,off
rgb,train,kv1__NYUdata__NYU0980,monitor_or_tv_2,monitor_or_tv,off,off,1,0.7730235425839757,off
rgb,train,kv1__NYUdata__NYU0006,monitor_or_tv_1,monitor_or_tv,off,off,1,1.0,off
rgb,train,kv1__NYUdata__NYU0007,monitor_or_tv_1,monitor_or_tv,on,on,1,0.8780886677145611,on
rgb,train,kv1__NYUdata__NYU0007,monitor_or_tv_2,monitor_or_tv,off,off,1,0.9874672738312081,off
rgb,train,kv1__NYUdata__NYU0007,monitor_or_tv_3,monitor_or_tv,off,off,1,0.9574563299184274,off
rgb,train,kv1__NYUdata__NYU0022,monitor_or_tv_1,monitor_or_tv,on,on,1,0.5584251837491246,on
rgb,train,kv1__NYUdata__NYU0031,monitor_or_tv_1,monitor_or_tv,off,off,1,0.9773040238450074,off
rgb,train,kv1__NYUdata__NYU0032,monitor_or_tv_1,monitor_or_tv,off,off,1,0.9627569496145577,off
rgb,train,kv1__NYUdata__NYU0032,monitor_or_tv_2,monitor_or_tv,off,off,1,0.9644765499076148,off
rgb,train,kv1__NYUdata__NYU0063,monitor_or_tv_1,monitor_or_tv,off,off,1,0.9179146449483084,off
rgb,train,kv1__NYUdata__NYU0063,monitor_or_tv_2,monitor_or_tv,off,off,1,0.9719850705918247,off
rgb,train,kv1__NYUdata__NYU0068,monitor_or_tv_1,monitor_or_tv,off,off,1,0.9793557967422211,off
rgb,train,kv1__NYUdata__NYU0111,monitor_or_tv_1,monitor_or_tv,off,off,1,0.9662240096164646,off
rgb,train,kv1__NYUdata__NYU0111,monitor_or_tv_2,monitor_or_tv,off,off,1,0.9682314142574284,off
rgb,train,kv1__NYUdata__NYU0111,monitor_or_tv_3,monitor_or_tv,off,off,1,0.9970765027322405,off
rgb,train,kv1__NYUdata__NYU0111,monitor_or_tv_4,monitor_or_tv,off,off,1,0.9723638022058526,off
rgb,train,kv1__NYUdata__NYU0112,monitor_or_tv_1,monitor_or_tv,off,off,1,0.9088833459896,off
rgb,train,kv1__NYUdata__NYU0112,monitor_or_tv_2,monitor_or_tv,off,off,1,0.9327472849408385,off
rgb,train,kv1__NYUdata__NYU0123,monitor_or_tv_1,monitor_or_tv,off,off,1,0.8657606765067317,off
rgb,train,kv1__NYUdata__NYU0146,monitor_or_tv_1,monitor_or_tv,off,off,1,0.954956567978935,off
rgb,train,kv1__NYUdata__NYU0147,monitor_or_tv_1,monitor_or_tv,off,off,1,0.974912114286135,off
rgb,train,kv1__NYUdata__NYU0164,monitor_or_tv_1,monitor_or_tv,off,off,1,0.9344235635393432,off
rgb,train,kv1__NYUdata__NYU0169,monitor_or_tv_1,monitor_or_tv,on,on,1,0.922032823131316,on
rgb,train,kv1__NYUdata__NYU0177,monitor_or_tv_1,monitor_or_tv,off,off,1,0.8525308999140483,off
rgb,train,kv1__NYUdata__NYU0188,monitor_or_tv_1,monitor_or_tv,off,off,1,0.9905464480874316,off
rgb,train,kv1__NYUdata__NYU0192,monitor_or_tv_1,monitor_or_tv,off,off,1,0.9871221532091098,off
rgb,train,kv1__NYUdata__NYU0193,monitor_or_tv_1,monitor_or_tv,off,off,1,1.0,off
rgb,train,kv1__NYUdata__NYU0200,monitor_or_tv_1,monitor_or_tv,off,off,1,0.9966666666666667,off
rgb,train,kv1__NYUdata__NYU0213,monitor_or_tv_1,monitor_or_tv,on,on,1,0.7499043670472384,on
rgb,train,kv1__NYUdata__NYU0213,monitor_or_tv_2,monitor_or_tv,on,on,1,0.825433506292521,on
rgb,train,kv1__NYUdata__NYU0213,monitor_or_tv_3,monitor_or_tv,off,off,1,0.9714001272696686,off
rgb,train,kv1__NYUdata__NYU0215,monitor_or_tv_1,monitor_or_tv,off,off,1,0.9715859566692838,off
rgb,train,kv1__NYUdata__NYU0216,monitor_or_tv_1,monitor_or_tv,off,off,1,1.0,off
rgb,train,kv1__NYUdata__NYU0216,monitor_or_tv_2,monitor_or_tv,on,on,1,0.6570766676280714,on
rgb,train,kv1__NYUdata__NYU0218,monitor_or_tv_1,monitor_or_tv,off,off,1,0.9726879153057223,off
rgb,train,kv1__NYUdata__NYU0254,monitor_or_tv_1,monitor_or_tv,off,off,1,0.8630337183796689,off
rgb,train,kv1__NYUdata__NYU0259,monitor_or_tv_1,monitor_or_tv,off,off,1,0.9222240209964595,off
rgb,val,xtion__sun3ddata__Portland_hotel__Portland_hotel__0000634-000021215628,monitor_or_tv_1,monitor_or_tv,off,off,1,0.9164430883118381,off
rgb,val,xtion__sun3ddata__home_md__home_md_scan4_2012_july_29__0002005-000310822998,monitor_or_tv_1,monitor_or_tv,off,off,1,0.9871311475409836,off
rgb,val,xtion__sun3ddata__hotel_florence_ant__hotel_room_florence_scan1_2012_oct_09__0000504-000016892064,monitor_or_tv_1,monitor_or_tv,off,off,1,0.904126336035734,off
rgb,val,kv1__NYUdata__NYU0785,monitor_or_tv_1,monitor_or_tv,off,off,1,0.9611652011560318,off
rgb,val,kv1__NYUdata__NYU0788,monitor_or_tv_1,monitor_or_tv,off,off,1,0.9670881616532928,off
rgb,val,kv1__NYUdata__NYU0801,monitor_or_tv_1,monitor_or_tv,on,off,0,0.6029243806508721,off
rgb,val,kv1__NYUdata__NYU0828,monitor_or_tv_1,monitor_or_tv,off,off,1,0.9105053021645108,off
rgb,val,kv1__NYUdata__NYU1088,monitor_or_tv_1,monitor_or_tv,on,off,0,0.9212638245750725,off
rgb,val,kv1__NYUdata__NYU1138,monitor_or_tv_1,monitor_or_tv,off,off,1,0.9510585881453829,off
rgb,val,kv1__NYUdata__NYU1186,monitor_or_tv_1,monitor_or_tv,off,off,1,0.8959239672242116,off
rgb,val,kv1__NYUdata__NYU1225,monitor_or_tv_1,monitor_or_tv,on,on,1,0.7944539551217467,on
rgb,val,kv1__NYUdata__NYU0264,monitor_or_tv_1,monitor_or_tv,off,off,1,0.7782558218742011,off
rgb,val,kv1__NYUdata__NYU0279,monitor_or_tv_1,monitor_or_tv,off,off,1,0.9764009856866313,off
rgb,val,kv1__NYUdata__NYU0279,monitor_or_tv_2,monitor_or_tv,off,off,1,0.9747947756622314,off
rgb,val,kv1__NYUdata__NYU0279,monitor_or_tv_3,monitor_or_tv,off,off,1,0.9643518518518518,off
rgb,val,kv1__NYUdata__NYU0279,monitor_or_tv_4,monitor_or_tv,off,on,0,0.8633372985794939,on
rgb,val,kv1__NYUdata__NYU0279,monitor_or_tv_6,monitor_or_tv,off,off,1,0.908513359979715,off
rgb,val,kv1__NYUdata__NYU0279,monitor_or_tv_7,monitor_or_tv,off,off,1,0.878591029794388,off
rgb,val,kv1__NYUdata__NYU0287,monitor_or_tv_1,monitor_or_tv,off,off,1,0.9866666666666667,off
rgb,val,kv1__NYUdata__NYU0294,monitor_or_tv_1,monitor_or_tv,off,off,1,0.9310264811083363,off
rgb,val,kv1__NYUdata__NYU0296,monitor_or_tv_1,monitor_or_tv,off,off,1,0.9457533634544953,off
rgb,test,xtion__sun3ddata__mit_32_d460__d460-1__0002626-000087979500,monitor_or_tv_1,monitor_or_tv,off,off,1,0.9004145224711118,off
rgb,test,kv1__NYUdata__NYU0829,monitor_or_tv_1,monitor_or_tv,off,off,1,0.8489537587831782,off
rgb,test,kv1__NYUdata__NYU0836,monitor_or_tv_1,monitor_or_tv,on,on,1,0.8171883834321563,on
rgb,test,kv1__NYUdata__NYU0854,monitor_or_tv_1,monitor_or_tv,off,off,1,0.8720827041736127,off
rgb,test,kv1__NYUdata__NYU0877,monitor_or_tv_1,monitor_or_tv,on,off,0,0.5467576916721587,off
rgb,test,kv1__NYUdata__NYU0912,monitor_or_tv_1,monitor_or_tv,off,off,1,0.9440013181032472,off
rgb,test,kv1__NYUdata__NYU0970,monitor_or_tv_1,monitor_or_tv,off,off,1,0.9831484255462457,off
rgb,test,kv1__NYUdata__NYU1300,monitor_or_tv_1,monitor_or_tv,on,on,1,0.5596413764762231,on
rgb,test,kv1__b3dodata__img_0225,monitor_or_tv_1,monitor_or_tv,off,off,1,0.9475618651168489,off
rgb,test,kv1__b3dodata__img_0263,monitor_or_tv_1,monitor_or_tv,off,off,1,0.9933333333333333,off
rgb,test,kv1__b3dodata__img_0288,monitor_or_tv_1,monitor_or_tv,off,on,0,0.6137970151872996,on
rgb,test,kv1__NYUdata__NYU0300,monitor_or_tv_1,monitor_or_tv,on,off,0,0.6526816484605429,off
rgb,test,kv1__NYUdata__NYU0304,monitor_or_tv_1,monitor_or_tv,off,off,1,0.9851199580588237,off
rgb,test,kv1__NYUdata__NYU0304,monitor_or_tv_2,monitor_or_tv,off,off,1,1.0,off
rgb,test,kv1__NYUdata__NYU0333,monitor_or_tv_1,monitor_or_tv,on,on,1,0.6093360640748676,on
rgb,test,kv1__NYUdata__NYU0333,monitor_or_tv_2,monitor_or_tv,off,on,0,0.5789734263712677,on
rgb,test,kv1__NYUdata__NYU0333,monitor_or_tv_3,monitor_or_tv,off,off,1,0.9904644808743169,off
rgb,test,kv1__NYUdata__NYU0333,monitor_or_tv_4,monitor_or_tv,on,on,1,0.7009092937211134,on
rgb,test,kv1__NYUdata__NYU0333,monitor_or_tv_5,monitor_or_tv,on,off,0,0.9820944276572557,off
rgb,test,kv1__NYUdata__NYU0333,monitor_or_tv_6,monitor_or_tv,off,off,1,0.9111109178631637,off
rgb,test,kv1__NYUdata__NYU0333,monitor_or_tv_7,monitor_or_tv,off,off,1,0.8144003602613494,off
rgb,test,kv1__NYUdata__NYU0333,monitor_or_tv_8,monitor_or_tv,on,on,1,0.6702065111478268,on
rgb,test,kv1__NYUdata__NYU0334,monitor_or_tv_1,monitor_or_tv,on,on,1,0.5406857911136587,on
rgb,test,kv1__NYUdata__NYU0334,monitor_or_tv_2,monitor_or_tv,on,off,0,0.6272679158073463,off
rgb,test,kv1__NYUdata__NYU0334,monitor_or_tv_3,monitor_or_tv,on,on,1,0.5995298887600313,on
rgb,test,kv1__NYUdata__NYU0334,monitor_or_tv_4,monitor_or_tv,off,off,1,0.9675801878835648,off
rgb,test,kv1__NYUdata__NYU0334,monitor_or_tv_5,monitor_or_tv,on,on,1,0.5004513082111088,on
rgb,test,kv1__NYUdata__NYU0335,monitor_or_tv_3,monitor_or_tv,on,on,1,0.5611584264598422,on
rgb,test,kv1__NYUdata__NYU0335,monitor_or_tv_4,monitor_or_tv,on,on,1,0.6353795264892191,on
rgb,test,kv1__NYUdata__NYU0335,monitor_or_tv_5,monitor_or_tv,on,on,1,0.5150650193497117,on
rgb,test,kv1__NYUdata__NYU0335,monitor_or_tv_6,monitor_or_tv,on,off,0,0.5045919966244922,off
rgb,test,kv1__NYUdata__NYU0335,monitor_or_tv_7,monitor_or_tv,off,off,1,0.9467859408939574,off
rgbd,train,kv1__NYUdata__NYU0228,door_1,door,closed,closed,1,0.8277389168552883,closed
rgbd,train,kv1__NYUdata__NYU0579,door_1,door,closed,closed,1,0.7796641327540631,closed
rgbd,train,kv1__NYUdata__NYU0964,door_1,door,closed,closed,1,0.7693433238024832,closed
rgbd,train,kv1__NYUdata__NYU1289,door_1,door,open,open,1,0.6475294414993336,open
rgbd,train,kv1__NYUdata__NYU1290,door_1,door,closed,closed,1,0.7999106620478373,closed
rgbd,train,kv2__kinect2data__000440_2014-06-08_11-25-22_260595134347_rgbf000080-resize,door_1,door,closed,closed,1,0.9150592038844957,closed
rgbd,train,kv2__kinect2data__000579_2014-06-08_11-07-06_260595134347_rgbf000166-resize,door_1,door,closed,closed,1,0.9127019900340508,closed
rgbd,train,kv2__kinect2data__000831_2014-06-04_19-50-37_260595134347_rgbf000064-resize,door_1,door,closed,closed,1,0.8608613339564685,closed
rgbd,train,kv2__kinect2data__000831_2014-06-04_19-50-37_260595134347_rgbf000064-resize,door_2,door,closed,closed,1,0.9006360403965535,closed
rgbd,train,kv2__kinect2data__001068_2014-06-08_22-04-21_260595134347_rgbf000078-resize,door_1,door,closed,closed,1,0.9371565878435942,closed
rgbd,train,kv2__kinect2data__001111_2014-06-15_17-27-08_260595134347_rgbf000164-resize,door_1,door,closed,closed,1,0.8993976182056325,closed
rgbd,train,kv2__kinect2data__001683_2014-06-26_19-14-58_260595134347_rgbf000042-resize,door_2,door,closed,closed,1,0.9321493737483437,closed
rgbd,train,kv2__kinect2data__001684_2014-06-26_19-15-13_260595134347_rgbf000103-resize,door_1,door,closed,closed,1,0.8702293766607728,closed
rgbd,train,kv2__kinect2data__002037_2014-06-24_20-21-35_260595134347_rgbf000033-resize,door_1,door,closed,closed,1,0.8126160151280801,closed
rgbd,train,kv2__kinect2data__002038_2014-06-24_20-21-59_260595134347_rgbf000131-resize,door_1,door,closed,closed,1,0.883591203582367,closed
rgbd,train,kv2__kinect2data__002452_2014-06-28_20-33-54_260595134347_rgbf000018-resize,door_1,door,closed,closed,1,0.8038268315119486,closed
rgbd,train,kv2__kinect2data__003048_2014-06-15_13-49-43_094959634447_rgbf000150-resize,door_1,door,closed,closed,1,0.8551430166206921,closed
rgbd,train,realsense__lg__2014_10_27-15_41_09-1311000073,door_1,door,closed,closed,1,0.9354410459662658,closed
rgbd,train,kv1__NYUdata__NYU0029,door_1,door,closed,closed,1,0.8081004667132428,closed
rgbd,train,kv1__NYUdata__NYU0029,door_2,door,closed,closed,1,0.7880946531686389,closed
rgbd,train,kv1__NYUdata__NYU0052,door_1,door,closed,closed,1,0.7870690790596281,closed
rgbd,train,kv1__NYUdata__NYU0062,door_1,door,closed,closed,1,0.8419827026475702,closed
rgbd,train,kv1__NYUdata__NYU0121,door_1,door,closed,closed,1,0.9290977907472334,closed
rgbd,train,kv1__NYUdata__NYU0163,door_1,door,closed,closed,1,0.7771843437076943,closed
rgbd,train,kv1__NYUdata__NYU0166,door_2,door,closed,closed,1,0.6758613880242811,closed
rgbd,train,kv1__NYUdata__NYU0173,door_1,door,open,open,1,0.6729878699765227,open
rgbd,train,kv1__NYUdata__NYU0173,door_2,door,open,open,1,0.7543954552682912,open
rgbd,train,kv1__NYUdata__NYU0201,door_1,door,open,open,1,0.6511185293717479,open
rgbd,train,kv1__NYUdata__NYU0220,door_1,door,open,open,1,0.7384611271708763,open
rgbd,train,kv1__NYUdata__NYU0221,door_1,door,closed,closed,1,0.8795673421755851,closed
rgbd,train,kv1__NYUdata__NYU0221,door_2,door,open,open,1,0.7328875098255481,open
rgbd,train,kv1__NYUdata__NYU0222,door_1,door,open,open,1,0.8192302708385957,open
rgbd,train,kv1__NYUdata__NYU0222,door_2,door,closed,closed,1,0.9178208816003187,closed
rgbd,train,kv1__NYUdata__NYU0222,door_3,door,closed,closed,1,0.8341163362649925,closed
rgbd,train,kv1__NYUdata__NYU0260,door_1,door,closed,closed,1,0.936121546056379,closed
rgbd,train,kv1__NYUdata__NYU0260,door_2,door,closed,closed,1,0.73688174889274,closed
rgbd,train,kv1__NYUdata__NYU0262,door_1,door,closed,closed,1,0.8900668156506818,closed
rgbd,train,kv1__NYUdata__NYU0265,door_2,door,closed,closed,1,0.7180777956021666,closed
rgbd,train,kv1__NYUdata__NYU0265,door_3,door,open,open,1,0.6906716831336975,open
rgbd,train,kv1__NYUdata__NYU0265,door_4,door,closed,closed,1,0.9516003765134345,closed
rgbd,train,kv1__NYUdata__NYU0272,door_1,door,open,open,1,0.6654706341524071,open
rgbd,train,kv1__NYUdata__NYU0291,door_1,door,open,open,1,0.7029112872714515,open
rgbd,train,kv1__NYUdata__NYU0349,door_1,door,open,open,1,0.665590587678372,open
rgbd,train,kv1__NYUdata__NYU0356,door_1,door,open,open,1,0.7400187544827529,open
rgbd,train,kv1__NYUdata__NYU0377,door_1,door,open,open,1,0.6582006701976735,open
rgbd,train,kv1__NYUdata__NYU0378,door_1,door,open,open,1,0.6987596787001663,open
rgbd,train,kv1__NYUdata__NYU0420,door_1,door,closed,closed,1,0.8728118457391224,closed
rgbd,train,kv1__NYUdata__NYU0420,door_2,door,closed,closed,1,0.8657340075860634,closed
rgbd,train,kv1__NYUdata__NYU0420,door_3,door,closed,closed,1,0.9089121472224245,closed
rgbd,train,kv1__NYUdata__NYU0436,door_1,door,open,open,1,0.7578696767000779,open
rgbd,train,kv1__NYUdata__NYU0437,door_1,door,open,open,1,0.6776005025738363,open
rgbd,train,kv1__NYUdata__NYU0485,door_1,door,open,open,1,0.7010324308212947,open
rgbd,train,kv1__NYUdata__NYU0546,door_1,door,open,open,1,0.7319664217173987,open
rgbd,train,kv1__NYUdata__NYU0549,door_1,door,closed,closed,1,0.8431999843619757,closed
rgbd,train,kv1__NYUdata__NYU0552,door_1,door,open,open,1,0.682325063154813,open
rgbd,train,kv1__NYUdata__NYU0554,door_1,door,open,open,1,0.8034299337302481,open
rgbd,train,kv1__NYUdata__NYU0581,door_1,door,closed,closed,1,0.8031268167031865,closed
rgbd,train,kv1__NYUdata__NYU0583,door_1,door,closed,closed,1,0.8697080582972125,closed
rgbd,train,kv1__NYUdata__NYU0593,door_1,door,closed,closed,1,0.8276538566094236,closed
rgbd,train,kv1__NYUdata__NYU0635,door_1,door,open,open,1,0.7604513464670238,open
rgbd,train,kv1__NYUdata__NYU0642,door_1,door,closed,closed,1,0.9312590980551427,closed
rgbd,train,kv1__NYUdata__NYU0643,door_1,door,closed,closed,1,0.9073430316519995,closed
rgbd,train,kv1__NYUdata__NYU0699,door_1,door,open,open,1,0.7044679509834221,open
rgbd,train,kv1__NYUdata__NYU0772,door_1,door,closed,closed,1,0.9092368999064411,closed
rgbd,train,kv1__NYUdata__NYU0772,door_2,door,closed,closed,1,0.816355515018706,closed
rgbd,train,kv1__NYUdata__NYU0789,door_1,door,closed,closed,1,0.976252413450326,closed
rgbd,train,kv1__NYUdata__NYU0789,door_2,door,closed,closed,1,0.9779271642619313,closed
rgbd,train,kv1__NYUdata__NYU0790,door_1,door,closed,closed,1,0.8795007182728068,closed
rgbd,train,kv1__NYUdata__NYU0791,door_1,door,closed,closed,1,0.8896678291309827,closed
rgbd,train,kv1__NYUdata__NYU0875,door_1,door,closed,closed,1,0.9747848259827743,closed
rgbd,train,kv1__NYUdata__NYU0909,door_1,door,closed,closed,1,0.7333578296824294,closed
rgbd,train,kv1__NYUdata__NYU0916,door_1,door,open,open,1,0.7710561991946758,open
rgbd,train,kv1__NYUdata__NYU0003,door_1,door,closed,closed,1,0.9327024094851863,closed
rgbd,train,kv1__NYUdata__NYU0003,door_2,door,closed,closed,1,0.9268124236587886,closed
rgbd,train,kv1__NYUdata__NYU0003,door_3,door,closed,closed,1,0.8081045366241887,closed
rgbd,train,kv1__NYUdata__NYU0005,door_1,door,closed,closed,1,0.8508536911667084,closed
rgbd,train,kv1__NYUdata__NYU0008,door_1,door,closed,closed,1,0.7507721636066478,closed
rgbd,train,kv1__NYUdata__NYU0008,door_2,door,open,open,1,0.7183366596020454,open
rgbd,train,kv1__NYUdata__NYU0009,door_1,door,closed,closed,1,0.9036406270881533,closed
rgbd,train,kv1__NYUdata__NYU0010,door_1,door,closed,closed,1,0.8285490514974403,closed
rgbd,train,kv1__NYUdata__NYU0012,door_1,door,closed,closed,1,0.9635420202786855,closed
rgbd,train,kv1__NYUdata__NYU0015,door_1,door,closed,closed,1,0.7884988949760916,closed
rgbd,train,kv1__NYUdata__NYU0015,door_2,door,closed,closed,1,0.8331227596901223,closed
rgbd,train,kv1__NYUdata__NYU0018,door_1,door,open,open,1,0.6998138531368441,open
rgbd,train,kv1__NYUdata__NYU0019,door_1,door,open,open,1,0.6852880863847327,open
rgbd,train,kv1__NYUdata__NYU0021,door_1,door,open,open,1,0.7460265625816026,open
rgbd,train,kv1__NYUdata__NYU0035,door_1,door,closed,closed,1,0.8396724965564314,closed
rgbd,train,kv1__NYUdata__NYU0036,door_1,door,closed,closed,1,0.8520885200403269,closed
rgbd,train,kv1__NYUdata__NYU0043,door_1,door,open,open,1,0.9012184214601223,open
rgbd,train,kv1__NYUdata__NYU0043,door_2,door,open,open,1,0.9012184214601223,open
rgbd,train,kv1__NYUdata__NYU0044,door_1,door,open,open,1,0.7643495482369744,open
rgbd,train,kv1__NYUdata__NYU0044,door_2,door,open,open,1,0.8260222101300335,open
rgbd,train,kv1__NYUdata__NYU0045,door_2,door,open,open,1,0.7520732526045701,open
rgbd,train,kv1__NYUdata__NYU0046,door_1,door,closed,closed,1,0.7173953129795753,closed
rgbd,train,kv1__NYUdata__NYU0048,door_1,door,open,open,1,0.7794705106708459,open
rgbd,train,kv1__NYUdata__NYU0049,door_1,door,open,open,1,0.7427021933964613,open
rgbd,train,kv1__NYUdata__NYU0053,door_1,door,closed,closed,1,0.782077455470699,closed
rgbd,train,kv1__NYUdata__NYU0059,door_1,door,closed,closed,1,0.765532964570359,closed
rgbd,train,kv1__NYUdata__NYU0064,door_1,door,closed,closed,1,0.9362740105409921,closed
rgbd,train,kv1__NYUdata__NYU0072,door_1,door,closed,closed,1,0.7388389987960443,closed
rgbd,train,kv1__NYUdata__NYU0080,door_1,door,closed,closed,1,0.8467000174846004,closed
rgbd,train,kv1__NYUdata__NYU0108,door_1,door,closed,closed,1,0.7730190995123049,closed
rgbd,train,kv1__NYUdata__NYU0108,door_2,door,closed,closed,1,0.7681327944037123,closed
rgbd,train,kv1__NYUdata__NYU0150,door_1,door,closed,closed,1,0.738529488832311,closed
rgbd,train,kv1__NYUdata__NYU0154,door_1,door,closed,closed,1,0.8219424428759782,closed
rgbd,train,kv1__NYUdata__NYU0159,door_1,door,closed,closed,1,0.8605421327065476,closed
rgbd,val,xtion__sun3ddata__Portland_hotel__Portland_hotel__0000634-000021215628,door_1,door,closed,closed,1,0.9356557141028677,closed
rgbd,val,xtion__sun3ddata__home_md__home_md_scan4_2012_july_29__0002005-000310822998,door_1,door,closed,closed,1,0.6953208822783662,closed
rgbd,val,xtion__sun3ddata__hotel_florence_ant__hotel_room_florence_scan1_2012_oct_09__0000504-000016892064,door_1,door,closed,closed,1,0.8640725473310222,closed
rgbd,val,xtion__sun3ddata__hotel_pedraza__hotel_room_pedraza_2012_nov_25__0000457-000015397777,door_1,door,closed,closed,1,0.9546207820492054,closed
rgbd,val,xtion__sun3ddata__hotel_pedraza__hotel_room_pedraza_2012_nov_25__0009216-000308964421,door_1,door,open,closed,0,0.9134571033734517,closed
rgbd,val,kv1__NYUdata__NYU0781,door_1,door,open,closed,0,0.8481237000148011,closed
rgbd,val,kv1__NYUdata__NYU0782,door_1,door,open,closed,0,0.5988586013092287,closed
rgbd,val,kv1__NYUdata__NYU0785,door_1,door,closed,closed,1,0.670635495079881,closed
rgbd,val,kv1__NYUdata__NYU0788,door_1,door,closed,closed,1,0.9212070739017101,closed
rgbd,val,kv1__NYUdata__NYU0788,door_2,door,closed,closed,1,0.8491905622814419,closed
rgbd,val,kv1__NYUdata__NYU0801,door_1,door,closed,closed,1,0.7623958214454337,closed
rgbd,val,kv1__NYUdata__NYU0801,door_2,door,closed,closed,1,0.7885823805812222,closed
rgbd,val,kv1__NYUdata__NYU0828,door_1,door,closed,closed,1,0.7669153012062864,closed
rgbd,val,kv1__NYUdata__NYU0926,door_2,door,open,closed,0,0.6870975766872018,closed
rgbd,val,kv1__NYUdata__NYU0929,door_1,door,closed,closed,1,0.5742401434990886,closed
rgbd,val,kv1__NYUdata__NYU0931,door_1,door,closed,closed,1,0.5047168919498776,closed
rgbd,val,kv1__NYUdata__NYU0952,door_1,door,open,closed,0,0.6367112322216993,closed
rgbd,val,kv1__NYUdata__NYU0162,door_1,door,closed,closed,1,0.554837069740625,closed
rgbd,val,kv1__NYUdata__NYU0165,door_1,door,closed,open,0,0.5089874697331046,open
rgbd,val,kv1__NYUdata__NYU0171,door_1,door,open,closed,0,0.54321864023956,closed
rgbd,val,kv1__NYUdata__NYU0172,door_1,door,open,closed,0,0.6640833156097763,closed
rgbd,val,kv1__NYUdata__NYU0172,door_2,door,open,closed,0,0.5792852551577968,closed
rgbd,val,kv1__NYUdata__NYU0194,door_1,door,closed,closed,1,0.6988798544945944,closed
rgbd,val,kv1__NYUdata__NYU0194,door_2,door,closed,closed,1,0.6988798544945944,closed
rgbd,test,xtion__sun3ddata__mit_32_d460__d460-1__0002626-000087979500,door_1,door,closed,closed,1,0.9205393036093877,closed
rgbd,test,kv1__NYUdata__NYU0854,door_1,door,open,closed,0,0.7646095467277637,closed
rgbd,test,kv1__NYUdata__NYU0877,door_1,door,open,closed,0,0.7015507050674215,closed
rgbd,test,kv1__NYUdata__NYU0912,door_2,door,open,closed,0,0.5433294160607961,closed
rgbd,test,kv1__NYUdata__NYU0912,door_4,door,open,open,1,0.5141122317928405,open
rgbd,test,kv1__NYUdata__NYU0962,door_1,door,closed,closed,1,0.5708497301970209,closed
rgbd,test,kv1__NYUdata__NYU0962,door_2,door,closed,closed,1,0.7108863966283614,closed
rgbd,test,kv1__NYUdata__NYU0970,door_1,door,closed,closed,1,0.730196062694212,closed
rgbd,test,kv1__NYUdata__NYU0972,door_1,door,closed,closed,1,0.7209993470407511,closed
rgbd,test,kv1__NYUdata__NYU0973,door_1,door,closed,closed,1,0.7508733309397261,closed
rgbd,test,kv1__NYUdata__NYU0998,door_1,door,open,closed,0,0.5396870460054353,closed
rgbd,test,kv1__NYUdata__NYU0998,door_2,door,open,closed,0,0.8613476311946701,closed
rgbd,test,kv1__NYUdata__NYU1009,door_1,door,open,open,1,0.5752257830779224,open
rgbd,test,kv1__NYUdata__NYU0208,door_1,door,closed,closed,1,0.6859007980744413,closed
rgbd,test,kv1__NYUdata__NYU0212,door_1,door,closed,closed,1,0.5436273353909461,closed
rgbd,test,kv1__NYUdata__NYU0212,door_2,door,open,closed,0,0.68720596308789,closed
rgbd,test,kv1__NYUdata__NYU0227,door_1,door,closed,closed,1,0.5656770010921977,closed
rgbd,test,kv1__NYUdata__NYU0238,door_1,door,closed,closed,1,0.8414793963708818,closed
rgbd,train,kv1__NYUdata__NYU0228,lamp_1,lamp,on,on,1,0.900958636359168,on
rgbd,train,kv1__NYUdata__NYU0579,lamp_1,lamp,on,on,1,0.9791683308271475,on
rgbd,train,kv1__NYUdata__NYU0614,lamp_1,lamp,off,off,1,0.9046826729854183,off
rgbd,train,kv1__NYUdata__NYU0625,lamp_1,lamp,off,off,1,0.6643039890252654,off
rgbd,train,kv1__NYUdata__NYU1232,lamp_1,lamp,on,on,1,0.659503424935613,on
rgbd,train,kv1__NYUdata__NYU1232,lamp_2,lamp,on,on,1,0.6528800284845298,on
rgbd,train,kv1__NYUdata__NYU1289,lamp_1,lamp,off,off,1,0.8684933818499689,off
rgbd,train,kv1__NYUdata__NYU1290,lamp_1,lamp,off,off,1,0.9018222987264343,off
rgbd,train,kv2__kinect2data__000401_2014-06-09_22-23-08_260595134347_rgbf000123-resize,lamp_1,lamp,on,on,1,0.9874614196353328,on
rgbd,train,kv2__kinect2data__000415_2014-06-04_19-50-03_260595134347_rgbf000070-resize,lamp_2,lamp,on,on,1,0.9817181637296992,on
rgbd,train,kv2__kinect2data__000579_2014-06-08_11-07-06_260595134347_rgbf000166-resize,lamp_1,lamp,off,off,1,0.7798589745508877,off
rgbd,train,kv2__kinect2data__000795_2014-06-08_22-39-38_260595134347_rgbf000063-resize,lamp_1,lamp,off,off,1,0.7528703086176793,off
rgbd,train,kv2__kinect2data__000827_2014-06-04_19-29-38_260595134347_rgbf000055-resize,lamp_2,lamp,on,on,1,0.9703071404353392,on
rgbd,train,kv2__kinect2data__000831_2014-06-04_19-50-37_260595134347_rgbf000064-resize,lamp_1,lamp,on,on,1,0.7636474588877789,on
rgbd,train,kv2__kinect2data__000831_2014-06-04_19-50-37_260595134347_rgbf000064-resize,lamp_2,lamp,on,on,1,0.9612690292743469,on
rgbd,train,kv2__kinect2data__001068_2014-06-08_22-04-21_260595134347_rgbf000078-resize,lamp_2,lamp,off,off,1,0.7180749696434465,off
rgbd,train,kv2__kinect2data__001096_2014-06-15_17-42-27_260595134347_rgbf000136-resize,lamp_1,lamp,off,off,1,0.81521899057494,off
rgbd,train,kv2__kinect2data__001111_2014-06-15_17-27-08_260595134347_rgbf000164-resize,lamp_1,lamp,off,off,1,0.8202924741342973,off
rgbd,train,kv2__kinect2data__001683_2014-06-26_19-14-58_260595134347_rgbf000042-resize,lamp_1,lamp,off,off,1,0.6774622815776865,off
rgbd,train,kv2__kinect2data__001684_2014-06-26_19-15-13_260595134347_rgbf000103-resize,lamp_1,lamp,off,off,1,0.6461989587203192,off
rgbd,train,kv2__kinect2data__002037_2014-06-24_20-21-35_260595134347_rgbf000033-resize,lamp_1,lamp,on,on,1,0.9826651859759178,on
rgbd,train,kv2__kinect2data__002038_2014-06-24_20-21-59_260595134347_rgbf000131-resize,lamp_1,lamp,on,on,1,0.9799831623531047,on
rgbd,train,kv2__kinect2data__002452_2014-06-28_20-33-54_260595134347_rgbf000018-resize,lamp_2,lamp,off,off,1,0.7907630059201585,off
rgbd,train,kv2__kinect2data__003048_2014-06-15_13-49-43_094959634447_rgbf000150-resize,lamp_2,lamp,on,on,1,0.9579989683275422,on
rgbd,train,realsense__lg__2014_10_27-15_41_09-1311000073,lamp_1,lamp,on,on,1,0.944395860599791,on
rgbd,train,kv1__NYUdata__NYU0052,lamp_1,lamp,on,on,1,0.85587540142518,on
rgbd,train,kv1__NYUdata__NYU0156,lamp_1,lamp,on,on,1,0.5533710470537334,on
rgbd,train,kv1__NYUdata__NYU0166,lamp_1,lamp,on,on,1,0.8699368509340605,on
rgbd,train,kv1__NYUdata__NYU0166,lamp_2,lamp,on,on,1,0.8423347383095574,on
rgbd,train,kv1__NYUdata__NYU0173,lamp_1,lamp,off,off,1,0.9282615387313476,off
rgbd,train,kv1__NYUdata__NYU0173,lamp_2,lamp,off,off,1,0.8854078770514391,off
rgbd,train,kv1__NYUdata__NYU0185,lamp_1,lamp,off,off,1,0.8363832683574718,off
rgbd,train,kv1__NYUdata__NYU0186,lamp_1,lamp,off,off,1,0.9675089206853913,off
rgbd,train,kv1__NYUdata__NYU0186,lamp_2,lamp,off,off,1,0.7768577537986171,off
rgbd,train,kv1__NYUdata__NYU0191,lamp_1,lamp,on,on,1,0.9385719959699906,on
rgbd,train,kv1__NYUdata__NYU0221,lamp_1,lamp,off,off,1,0.8934075037626497,off
rgbd,train,kv1__NYUdata__NYU0221,lamp_2,lamp,off,off,1,0.7909802182042908,off
rgbd,train,kv1__NYUdata__NYU0222,lamp_1,lamp,on,on,1,0.5700962794399699,on
rgbd,train,kv1__NYUdata__NYU0234,lamp_1,lamp,on,on,1,0.861082660778228,on
rgbd,train,kv1__NYUdata__NYU0234,lamp_2,lamp,on,on,1,0.7518803667142815,on
rgbd,train,kv1__NYUdata__NYU0265,lamp_1,lamp,on,on,1,0.7094787358918913,on
rgbd,train,kv1__NYUdata__NYU0268,lamp_1,lamp,on,on,1,0.8264057070107983,on
rgbd,train,kv1__NYUdata__NYU0309,lamp_1,lamp,off,off,1,0.8536536909069373,off
rgbd,train,kv1__NYUdata__NYU0378,lamp_1,lamp,on,on,1,0.9574765782680711,on
rgbd,train,kv1__NYUdata__NYU0387,lamp_1,lamp,on,on,1,0.8880283310100502,on
rgbd,train,kv1__NYUdata__NYU0388,lamp_1,lamp,on,on,1,0.9759159159159161,on
rgbd,train,kv1__NYUdata__NYU0398,lamp_1,lamp,off,off,1,0.8550796771202673,off
rgbd,train,kv1__NYUdata__NYU0402,lamp_1,lamp,off,off,1,0.8806026959221034,off
rgbd,train,kv1__NYUdata__NYU0546,lamp_1,lamp,off,off,1,0.8894233900655794,off
rgbd,train,kv1__NYUdata__NYU0556,lamp_1,lamp,off,off,1,0.6959288362425112,off
rgbd,train,kv1__NYUdata__NYU0580,lamp_1,lamp,on,on,1,0.9026265370108445,on
rgbd,train,kv1__NYUdata__NYU0581,lamp_1,lamp,on,on,1,0.89870935854504,on
rgbd,train,kv1__NYUdata__NYU0582,lamp_1,lamp,on,on,1,0.9694550776942259,on
rgbd,train,kv1__NYUdata__NYU0583,lamp_1,lamp,on,on,1,0.9660831498409277,on
rgbd,train,kv1__NYUdata__NYU0593,lamp_1,lamp,on,on,1,0.9633893249727504,on
rgbd,train,kv1__NYUdata__NYU0594,lamp_1,lamp,off,off,1,0.8623729889696786,off
rgbd,train,kv1__NYUdata__NYU0603,lamp_1,lamp,on,on,1,0.8611382671477997,on
rgbd,train,kv1__NYUdata__NYU0605,lamp_1,lamp,on,on,1,0.7205705947566716,on
rgbd,train,kv1__NYUdata__NYU0668,lamp_1,lamp,on,on,1,0.9403331345559567,on
rgbd,train,kv1__NYUdata__NYU0766,lamp_1,lamp,off,off,1,0.6660023589648884,off
rgbd,train,kv1__NYUdata__NYU0789,lamp_1,lamp,on,on,1,0.8642583778620019,on
rgbd,train,kv1__NYUdata__NYU0789,lamp_4,lamp,on,on,1,0.7942349506668946,on
rgbd,train,kv1__NYUdata__NYU0789,lamp_5,lamp,on,on,1,0.6433192581781129,on
rgbd,train,kv1__NYUdata__NYU0789,lamp_6,lamp,on,on,1,0.7881176990807734,on
rgbd,train,kv1__NYUdata__NYU0790,lamp_1,lamp,off,off,1,0.85455857597179,off
rgbd,train,kv1__NYUdata__NYU0791,lamp_1,lamp,on,on,1,0.6915658657212571,on
rgbd,train,kv1__NYUdata__NYU0791,lamp_2,lamp,on,on,1,0.6422733412405467,on
rgbd,train,kv1__NYUdata__NYU0875,lamp_1,lamp,on,on,1,0.9582023055727145,on
rgbd,train,kv1__NYUdata__NYU0875,lamp_2,lamp,on,on,1,0.8510172599336729,on
rgbd,train,kv1__NYUdata__NYU0875,lamp_3,lamp,on,on,1,0.8993256600445517,on
rgbd,train,kv1__NYUdata__NYU0882,lamp_2,lamp,off,off,1,0.9127206146462512,off
rgbd,train,kv1__NYUdata__NYU0885,lamp_1,lamp,on,on,1,0.9509276786918293,on
rgbd,train,kv1__NYUdata__NYU0909,lamp_1,lamp,off,off,1,0.9537644150738231,off
rgbd,train,kv1__NYUdata__NYU0916,lamp_1,lamp,off,off,1,0.892223728841639,off
rgbd,train,kv1__NYUdata__NYU0919,lamp_1,lamp,off,off,1,0.9371446316512195,off
rgbd,train,kv1__NYUdata__NYU0920,lamp_1,lamp,off,off,1,0.8900918625532939,off
rgbd,train,kv1__NYUdata__NYU0920,lamp_2,lamp,off,off,1,0.8636696753984933,off
rgbd,train,kv1__NYUdata__NYU0932,lamp_1,lamp,off,off,1,0.7815932181454062,off
rgbd,train,kv1__NYUdata__NYU0935,lamp_1,lamp,off,off,1,0.8764607999180845,off
rgbd,train,kv1__NYUdata__NYU0946,lamp_1,lamp,off,off,1,0.8802489507414879,off
rgbd,train,kv1__NYUdata__NYU0960,lamp_1,lamp,on,on,1,0.9481541122495207,on
rgbd,train,kv1__NYUdata__NYU0980,lamp_1,lamp,off,off,1,0.6399433354759126,off
rgbd,train,kv1__NYUdata__NYU0994,lamp_1,lamp,off,off,1,0.9882582582582582,off
rgbd,train,kv1__NYUdata__NYU0050,lamp_1,lamp,on,on,1,0.8587081067463382,on
rgbd,train,kv1__NYUdata__NYU0055,lamp_1,lamp,on,on,1,0.99,on
rgbd,train,kv1__NYUdata__NYU0073,lamp_1,lamp,off,off,1,0.9266548505632402,off
rgbd,train,kv1__NYUdata__NYU0076,lamp_1,lamp,off,off,1,0.9626774488344112,off
rgbd,train,kv1__NYUdata__NYU0079,lamp_1,lamp,off,off,1,0.9737553764993288,off
rgbd,train,kv1__NYUdata__NYU0090,lamp_1,lamp,on,on,1,0.9454254217459146,on
rgbd,train,kv1__NYUdata__NYU0093,lamp_1,lamp,off,off,1,0.8515610652142787,off
rgbd,train,kv1__NYUdata__NYU0094,lamp_1,lamp,on,on,1,0.9584818980510855,on
rgbd,train,kv1__NYUdata__NYU0095,lamp_1,lamp,on,on,1,0.8990673902347313,on
rgbd,train,kv1__NYUdata__NYU0110,lamp_1,lamp,on,on,1,0.9226107252271538,on
rgbd,train,kv1__NYUdata__NYU0110,lamp_2,lamp,on,on,1,0.9263760795580015,on
rgbd,train,kv1__NYUdata__NYU0149,lamp_1,lamp,off,off,1,0.8469580357651612,off
rgbd,train,kv1__NYUdata__NYU0151,lamp_1,lamp,on,on,1,0.7210109303589367,on
rgbd,train,kv1__NYUdata__NYU0161,lamp_1,lamp,off,off,1,0.9204927610086672,off
rgbd,train,kv1__NYUdata__NYU0174,lamp_1,lamp,off,off,1,0.8553505840574193,off
rgbd,train,kv1__NYUdata__NYU0176,lamp_1,lamp,off,off,1,0.8748425771060787,off
rgbd,train,kv1__NYUdata__NYU0176,lamp_2,lamp,off,off,1,0.8669610993991931,off
rgbd,train,kv1__NYUdata__NYU0178,lamp_1,lamp,on,on,1,0.5406002646063051,on
rgbd,train,kv1__NYUdata__NYU0181,lamp_2,lamp,off,off,1,0.708878841913773,off
rgbd,train,kv1__NYUdata__NYU0184,lamp_1,lamp,off,off,1,0.7926414783390501,off
rgbd,train,kv1__NYUdata__NYU0184,lamp_2,lamp,off,off,1,0.9163465075730176,off
rgbd,train,kv1__NYUdata__NYU0187,lamp_1,lamp,off,off,1,0.940592280603881,off
rgbd,train,kv1__NYUdata__NYU0187,lamp_2,lamp,on,on,1,0.8987158603253874,on
rgbd,train,kv1__NYUdata__NYU0189,lamp_1,lamp,off,off,1,0.9205880154069598,off
rgbd,train,kv1__NYUdata__NYU0190,lamp_1,lamp,on,on,1,0.953541144917145,on
rgbd,train,kv1__NYUdata__NYU0217,lamp_1,lamp,on,on,1,0.9429242271516536,on
rgbd,train,kv1__NYUdata__NYU0240,lamp_1,lamp,on,on,1,0.8074870923835988,on
rgbd,train,kv1__NYUdata__NYU0240,lamp_2,lamp,on,on,1,0.9733266848746622,on
rgbd,val,xtion__sun3ddata__Portland_hotel__Portland_hotel__0000634-000021215628,lamp_1,lamp,on,on,1,0.9368360527576411,on
rgbd,val,xtion__sun3ddata__home_md__home_md_scan4_2012_july_29__0002005-000310822998,lamp_1,lamp,off,on,0,0.691374877966476,on
rgbd,val,xtion__sun3ddata__hotel_florence_ant__hotel_room_florence_scan1_2012_oct_09__0000504-000016892064,lamp_1,lamp,on,on,1,0.9295342442791794,on
rgbd,val,xtion__sun3ddata__hotel_florence_ant__hotel_room_florence_scan1_2012_oct_09__0001910-000064049076,lamp_1,lamp,on,on,1,0.8287506891879737,on
rgbd,val,xtion__sun3ddata__hotel_pedraza__hotel_room_pedraza_2012_nov_25__0000457-000015397777,lamp_1,lamp,off,on,0,0.8199030830791442,on
rgbd,val,kv1__NYUdata__NYU0922,lamp_1,lamp,off,off,1,0.504671195574746,off
rgbd,val,kv1__NYUdata__NYU0929,lamp_1,lamp,off,off,1,0.8182849719045254,off
rgbd,val,kv1__NYUdata__NYU0952,lamp_1,lamp,off,on,0,0.5597717941619361,on
rgbd,val,kv1__NYUdata__NYU1081,lamp_1,lamp,off,off,1,0.6585504932509056,off
rgbd,val,kv1__NYUdata__NYU1088,lamp_1,lamp,off,off,1,0.6464515380612958,off
rgbd,val,kv1__NYUdata__NYU1138,lamp_1,lamp,off,off,1,0.7315652396224115,off
rgbd,val,kv1__NYUdata__NYU1186,lamp_1,lamp,off,off,1,0.7591293642014895,off
rgbd,val,kv1__NYUdata__NYU1225,lamp_1,lamp,off,off,1,0.740551066946927,off
rgbd,val,kv1__NYUdata__NYU1226,lamp_1,lamp,off,off,1,0.5302835536027006,off
rgbd,val,kv1__NYUdata__NYU0241,lamp_1,lamp,on,on,1,0.7951500633412238,on
rgbd,val,kv1__NYUdata__NYU0242,lamp_1,lamp,on,on,1,0.8850413674373209,on
rgbd,val,kv1__NYUdata__NYU0243,lamp_1,lamp,on,on,1,0.9264854883111676,on
rgbd,val,kv1__NYUdata__NYU0243,lamp_2,lamp,off,off,1,0.8396960918773351,off
rgbd,val,kv1__NYUdata__NYU0245,lamp_1,lamp,off,off,1,0.7967734686353904,off
rgbd,val,kv1__NYUdata__NYU0247,lamp_1,lamp,on,on,1,0.9282342435812628,on
rgbd,test,xtion__sun3ddata__mit_32_lounge_d429__d4_lounge_1__0001239-000041492808,lamp_1,lamp,on,on,1,0.7945119440559304,on
rgbd,test,xtion__sun3ddata__mit_32_lounge_d429__d4_lounge_1__0001239-000041492808,lamp_2,lamp,on,on,1,0.7254738148233087,on
rgbd,test,kv1__NYUdata__NYU0962,lamp_1,lamp,off,off,1,0.739820798004226,off
rgbd,test,kv1__NYUdata__NYU0972,lamp_1,lamp,off,off,1,0.7663123624866272,off
rgbd,test,kv1__NYUdata__NYU0973,lamp_1,lamp,off,off,1,0.7061108528430581,off
rgbd,test,kv1__NYUdata__NYU0978,lamp_1,lamp,off,off,1,0.792739422190504,off
rgbd,test,kv1__NYUdata__NYU0978,lamp_2,lamp,off,off,1,0.5481368453108515,off
rgbd,test,kv1__NYUdata__NYU0998,lamp_1,lamp,off,off,1,0.6134203336725154,off
rgbd,test,kv1__NYUdata__NYU0998,lamp_2,lamp,off,off,1,0.6939574125769811,off
rgbd,test,kv1__NYUdata__NYU0998,lamp_3,lamp,off,off,1,0.5554924448638863,off
rgbd,test,kv1__NYUdata__NYU0998,lamp_4,lamp,off,off,1,0.8290687469219228,off
rgbd,test,kv1__NYUdata__NYU1009,lamp_1,lamp,off,off,1,0.7755135060646982,off
rgbd,test,kv1__NYUdata__NYU1300,lamp_1,lamp,on,off,0,0.6066304580935028,off
rgbd,test,kv1__b3dodata__img_0225,lamp_1,lamp,off,on,0,0.7530663450513709,on
rgbd,test,kv1__b3dodata__img_0263,lamp_1,lamp,off,on,0,0.6975475774538069,on
rgbd,test,kv1__NYUdata__NYU0248,lamp_1,lamp,off,off,1,0.6975635903957833,off
rgbd,test,kv1__NYUdata__NYU0256,lamp_1,lamp,on,on,1,0.7523325131370481,on
rgbd,test,kv1__NYUdata__NYU0261,lamp_1,lamp,off,on,0,0.562145839562371,on
rgbd,test,kv1__NYUdata__NYU0261,lamp_2,lamp,off,off,1,0.7918386617313719,off
rgbd,test,kv1__NYUdata__NYU0280,lamp_1,lamp,off,off,1,0.7372627696115676,off
rgbd,test,kv1__NYUdata__NYU0280,lamp_2,lamp,off,off,1,0.7210553909274018,off
rgbd,test,kv1__NYUdata__NYU0281,lamp_1,lamp,off,off,1,0.7070474083721012,off
rgbd,test,kv1__NYUdata__NYU0281,lamp_2,lamp,off,off,1,0.8927574408553839,off
rgbd,test,kv1__NYUdata__NYU0281,lamp_3,lamp,off,off,1,0.5111638770669972,off
rgbd,test,kv1__NYUdata__NYU0283,lamp_1,lamp,off,off,1,0.7322588220711507,off
rgbd,test,kv1__NYUdata__NYU0283,lamp_2,lamp,off,off,1,0.5665110250572587,off
rgbd,train,kv1__NYUdata__NYU0228,monitor_or_tv_1,monitor_or_tv,off,off,1,0.9229586875158428,off
rgbd,train,kv1__NYUdata__NYU0579,monitor_or_tv_1,monitor_or_tv,off,off,1,0.9583576911706243,off
rgbd,train,kv1__NYUdata__NYU0614,monitor_or_tv_1,monitor_or_tv,off,off,1,0.9882240437158469,off
rgbd,train,kv1__NYUdata__NYU0964,monitor_or_tv_1,monitor_or_tv,off,off,1,0.9611359778297898,off
rgbd,train,kv1__NYUdata__NYU1290,monitor_or_tv_1,monitor_or_tv,off,off,1,0.9969672131147541,off
rgbd,train,kv1__b3dodata__img_0556,monitor_or_tv_1,monitor_or_tv,off,off,1,0.9944262295081967,off
rgbd,train,kv1__b3dodata__img_0669,monitor_or_tv_1,monitor_or_tv,off,off,1,0.9780535483705948,off
rgbd,train,kv2__kinect2data__000415_2014-06-04_19-50-03_260595134347_rgbf000070-resize,monitor_or_tv_1,monitor_or_tv,off,off,1,1.0,off
rgbd,train,kv2__kinect2data__000440_2014-06-08_11-25-22_260595134347_rgbf000080-resize,monitor_or_tv_1,monitor_or_tv,off,off,1,0.9377436237925637,off
rgbd,train,kv2__kinect2data__000440_2014-06-08_11-25-22_260595134347_rgbf000080-resize,monitor_or_tv_2,monitor_or_tv,off,off,1,1.0,off
rgbd,train,kv2__kinect2data__000440_2014-06-08_11-25-22_260595134347_rgbf000080-resize,monitor_or_tv_3,monitor_or_tv,off,off,1,1.0,off
rgbd,train,kv2__kinect2data__000440_2014-06-08_11-25-22_260595134347_rgbf000080-resize,monitor_or_tv_4,monitor_or_tv,off,off,1,0.9113666269192521,off
rgbd,train,kv2__kinect2data__000440_2014-06-08_11-25-22_260595134347_rgbf000080-resize,monitor_or_tv_5,monitor_or_tv,off,off,1,0.9030561382102963,off
rgbd,train,kv2__kinect2data__000579_2014-06-08_11-07-06_260595134347_rgbf000166-resize,monitor_or_tv_1,monitor_or_tv,off,off,1,0.9817969603825137,off
rgbd,train,kv2__kinect2data__000782_2014-06-08_22-29-24_260595134347_rgbf000048-resize,monitor_or_tv_1,monitor_or_tv,off,off,1,0.9544471215020937,off
rgbd,train,kv2__kinect2data__000795_2014-06-08_22-39-38_260595134347_rgbf000063-resize,monitor_or_tv_1,monitor_or_tv,off,off,1,0.9853511272836405,off
rgbd,train,kv2__kinect2data__000795_2014-06-08_22-39-38_260595134347_rgbf000063-resize,monitor_or_tv_2,monitor_or_tv,off,off,1,0.9844808743169398,off
rgbd,train,kv2__kinect2data__000827_2014-06-04_19-29-38_260595134347_rgbf000055-resize,monitor_or_tv_1,monitor_or_tv,off,off,1,0.9482509437521419,off
rgbd,train,kv2__kinect2data__001068_2014-06-08_22-04-21_260595134347_rgbf000078-resize,monitor_or_tv_1,monitor_or_tv,off,off,1,0.9882366803278688,off
rgbd,train,kv2__kinect2data__001068_2014-06-08_22-04-21_260595134347_rgbf000078-resize,monitor_or_tv_2,monitor_or_tv,off,off,1,0.9938524590163934,off
rgbd,train,kv2__kinect2data__001068_2014-06-08_22-04-21_260595134347_rgbf000078-resize,monitor_or_tv_3,monitor_or_tv,off,off,1,0.9856375793367954,off
rgbd,train,kv2__kinect2data__001096_2014-06-15_17-42-27_260595134347_rgbf000136-resize,monitor_or_tv_1,monitor_or_tv,off,off,1,0.9734505424883189,off
rgbd,train,kv2__kinect2data__001111_2014-06-15_17-27-08_260595134347_rgbf000164-resize,monitor_or_tv_1,monitor_or_tv,off,off,1,0.9826497529746715,off
rgbd,train,kv2__kinect2data__001683_2014-06-26_19-14-58_260595134347_rgbf000042-resize,monitor_or_tv_1,monitor_or_tv,off,off,1,0.8565952309183816,off
rgbd,train,kv2__kinect2data__001684_2014-06-26_19-15-13_260595134347_rgbf000103-resize,monitor_or_tv_1,monitor_or_tv,off,off,1,0.9404458725180855,off
rgbd,train,kv2__kinect2data__002038_2014-06-24_20-21-59_260595134347_rgbf000131-resize,monitor_or_tv_1,monitor_or_tv,off,off,1,0.9725269279824943,off
rgbd,train,kv2__kinect2data__002452_2014-06-28_20-33-54_260595134347_rgbf000018-resize,monitor_or_tv_1,monitor_or_tv,off,off,1,0.9728540365999383,off
rgbd,train,kv2__kinect2data__003048_2014-06-15_13-49-43_094959634447_rgbf000150-resize,monitor_or_tv_1,monitor_or_tv,off,off,1,0.971584699453552,off
rgbd,train,kv1__NYUdata__NYU0029,monitor_or_tv_1,monitor_or_tv,off,off,1,0.9692657808604872,off
rgbd,train,kv1__NYUdata__NYU0030,monitor_or_tv_1,monitor_or_tv,off,off,1,0.9667716318748281,off
rgbd,train,kv1__NYUdata__NYU0062,monitor_or_tv_1,monitor_or_tv,off,off,1,0.9611649554703913,off
rgbd,train,kv1__NYUdata__NYU0121,monitor_or_tv_2,monitor_or_tv,off,off,1,0.9632733757353367,off
rgbd,train,kv1__NYUdata__NYU0156,monitor_or_tv_1,monitor_or_tv,on,on,1,0.928295862607338,on
rgbd,train,kv1__NYUdata__NYU0163,monitor_or_tv_1,monitor_or_tv,off,off,1,0.9720780964006404,off
rgbd,train,kv1__NYUdata__NYU0201,monitor_or_tv_1,monitor_or_tv,off,off,1,1.0,off
rgbd,train,kv1__NYUdata__NYU0220,monitor_or_tv_1,monitor_or_tv,off,off,1,0.9345463303469268,off
rgbd,train,kv1__NYUdata__NYU0232,monitor_or_tv_1,monitor_or_tv,off,off,1,0.9879860616140017,off
rgbd,train,kv1__NYUdata__NYU0234,monitor_or_tv_1,monitor_or_tv,on,on,1,0.6580100810442349,on
rgbd,train,kv1__NYUdata__NYU0262,monitor_or_tv_1,monitor_or_tv,off,off,1,0.9687099635968401,off
rgbd,train,kv1__NYUdata__NYU0272,monitor_or_tv_1,monitor_or_tv,off,off,1,0.9968944099378882,off
rgbd,train,kv1__NYUdata__NYU0272,monitor_or_tv_2,monitor_or_tv,off,off,1,0.9899212006018848,off
rgbd,train,kv1__NYUdata__NYU0272,monitor_or_tv_3,monitor_or_tv,on,on,1,0.8193175371468833,on
rgbd,train,kv1__NYUdata__NYU0291,monitor_or_tv_1,monitor_or_tv,off,off,1,0.9838028739121635,off
rgbd,train,kv1__NYUdata__NYU0291,monitor_or_tv_2,monitor_or_tv,off,off,1,0.9892124713541184,off
rgbd,train,kv1__NYUdata__NYU0309,monitor_or_tv_1,monitor_or_tv,off,off,1,0.988614146933819,off
rgbd,train,kv1__NYUdata__NYU0309,monitor_or_tv_2,monitor_or_tv,off,off,1,0.9757819809318916,off
rgbd,train,kv1__NYUdata__NYU0349,monitor_or_tv_1,monitor_or_tv,off,off,1,0.8895799686789713,off
rgbd,train,kv1__NYUdata__NYU0349,monitor_or_tv_2,monitor_or_tv,off,off,1,0.936259376521335,off
rgbd,train,kv1__NYUdata__NYU0355,monitor_or_tv_1,monitor_or_tv,off,off,1,0.9495544161552872,off
rgbd,train,kv1__NYUdata__NYU0355,monitor_or_tv_2,monitor_or_tv,off,off,1,0.8119502205679501,off
rgbd,train,kv1__NYUdata__NYU0356,monitor_or_tv_1,monitor_or_tv,off,off,1,0.9120616189495826,off
rgbd,train,kv1__NYUdata__NYU0377,monitor_or_tv_1,monitor_or_tv,off,off,1,0.9295057649421379,off
rgbd,train,kv1__NYUdata__NYU0387,monitor_or_tv_1,monitor_or_tv,off,off,1,0.6202761140542858,off
rgbd,train,kv1__NYUdata__NYU0387,monitor_or_tv_2,monitor_or_tv,off,off,1,0.9209947402848981,off
rgbd,train,kv1__NYUdata__NYU0388,monitor_or_tv_2,monitor_or_tv,off,off,1,0.7566077655973417,off
rgbd,train,kv1__NYUdata__NYU0388,monitor_or_tv_3,monitor_or_tv,off,off,1,0.8626893876867165,off
rgbd,train,kv1__NYUdata__NYU0398,monitor_or_tv_1,monitor_or_tv,off,off,1,0.9331718334769232,off
rgbd,train,kv1__NYUdata__NYU0421,monitor_or_tv_1,monitor_or_tv,off,off,1,1.0,off
rgbd,train,kv1__NYUdata__NYU0429,monitor_or_tv_1,monitor_or_tv,on,on,1,0.716300299700422,on
rgbd,train,kv1__NYUdata__NYU0429,monitor_or_tv_2,monitor_or_tv,off,off,1,0.932618878700412,off
rgbd,train,kv1__NYUdata__NYU0436,monitor_or_tv_1,monitor_or_tv,on,on,1,0.6738233060409917,on
rgbd,train,kv1__NYUdata__NYU0437,monitor_or_tv_1,monitor_or_tv,on,on,1,0.7374331360297707,on
rgbd,train,kv1__NYUdata__NYU0474,monitor_or_tv_1,monitor_or_tv,on,on,1,0.8962103507049016,on
rgbd,train,kv1__NYUdata__NYU0485,monitor_or_tv_1,monitor_or_tv,off,off,1,0.95899258649719,off
rgbd,train,kv1__NYUdata__NYU0552,monitor_or_tv_1,monitor_or_tv,off,off,1,0.989181057879454,off
rgbd,train,kv1__NYUdata__NYU0552,monitor_or_tv_2,monitor_or_tv,off,off,1,0.994535519125683,off
rgbd,train,kv1__NYUdata__NYU0553,monitor_or_tv_1,monitor_or_tv,off,off,1,0.9632649261283142,off
rgbd,train,kv1__NYUdata__NYU0556,monitor_or_tv_1,monitor_or_tv,off,off,1,0.9545013425186636,off
rgbd,train,kv1__NYUdata__NYU0582,monitor_or_tv_1,monitor_or_tv,off,off,1,0.9662170812812724,off
rgbd,train,kv1__NYUdata__NYU0602,monitor_or_tv_1,monitor_or_tv,off,off,1,0.9815300546448088,off
rgbd,train,kv1__NYUdata__NYU0605,monitor_or_tv_1,monitor_or_tv,on,on,1,0.766642892881327,on
rgbd,train,kv1__NYUdata__NYU0605,monitor_or_tv_2,monitor_or_tv,on,on,1,0.7315405978812178,on
rgbd,train,kv1__NYUdata__NYU0635,monitor_or_tv_1,monitor_or_tv,off,off,1,0.9913244948105769,off
rgbd,train,kv1__NYUdata__NYU0635,monitor_or_tv_2,monitor_or_tv,off,off,1,0.8800528163063789,off
rgbd,train,kv1__NYUdata__NYU0642,monitor_or_tv_1,monitor_or_tv,off,off,1,0.99,off
rgbd,train,kv1__NYUdata__NYU0643,monitor_or_tv_1,monitor_or_tv,off,off,1,1.0,off
rgbd,train,kv1__NYUdata__NYU0745,monitor_or_tv_1,monitor_or_tv,on,on,1,0.8955052099370698,on
rgbd,train,kv1__NYUdata__NYU0749,monitor_or_tv_1,monitor_or_tv,on,on,1,0.9519344332084109,on
rgbd,train,kv1__NYUdata__NYU0766,monitor_or_tv_1,monitor_or_tv,on,on,1,0.7688766062582384,on
rgbd,train,kv1__NYUdata__NYU0772,monitor_or_tv_1,monitor_or_tv,off,off,1,0.9711318351161787,off
rgbd,train,kv1__NYUdata__NYU0920,monitor_or_tv_1,monitor_or_tv,off,off,1,0.9882701169797944,off
rgbd,train,kv1__NYUdata__NYU0935,monitor_or_tv_1,monitor_or_tv,off,off,1,0.8469752721286482,off
rgbd,train,kv1__NYUdata__NYU0946,monitor_or_tv_1,monitor_or_tv,off,off,1,0.9908743169398906,off
rgbd,train,kv1__NYUdata__NYU0960,monitor_or_tv_1,monitor_or_tv,off,off,1,0.860393452992068,off
rgbd,train,kv1__NYUdata__NYU0980,monitor_or_tv_1,monitor_or_tv,off,off,1,0.9813479618504566,off
rgbd,train,kv1__NYUdata__NYU0980,monitor_or_tv_2,monitor_or_tv,off,off,1,0.735162346955812,off
rgbd,train,kv1__NYUdata__NYU0006,monitor_or_tv_1,monitor_or_tv,off,off,1,0.9875136612021859,off
rgbd,train,kv1__NYUdata__NYU0007,monitor_or_tv_1,monitor_or_tv,on,on,1,0.9007262074519394,on
rgbd,train,kv1__NYUdata__NYU0007,monitor_or_tv_2,monitor_or_tv,off,off,1,0.9732174027560543,off
rgbd,train,kv1__NYUdata__NYU0007,monitor_or_tv_3,monitor_or_tv,off,off,1,0.9431471513307762,off
rgbd,train,kv1__NYUdata__NYU0022,monitor_or_tv_1,monitor_or_tv,on,on,1,0.5748647994232347,on
rgbd,train,kv1__NYUdata__NYU0031,monitor_or_tv_1,monitor_or_tv,off,off,1,0.9752860048208375,off
rgbd,train,kv1__NYUdata__NYU0032,monitor_or_tv_1,monitor_or_tv,off,off,1,0.9560945424046517,off
rgbd,train,kv1__NYUdata__NYU0032,monitor_or_tv_2,monitor_or_tv,off,off,1,0.9876775956284153,off
rgbd,train,kv1__NYUdata__NYU0063,monitor_or_tv_1,monitor_or_tv,off,off,1,0.8959513389166913,off
rgbd,train,kv1__NYUdata__NYU0063,monitor_or_tv_2,monitor_or_tv,off,off,1,0.9618415190850914,off
rgbd,train,kv1__NYUdata__NYU0068,monitor_or_tv_1,monitor_or_tv,off,off,1,0.9761693683792777,off
rgbd,train,kv1__NYUdata__NYU0111,monitor_or_tv_1,monitor_or_tv,off,off,1,0.9665991358022901,off
rgbd,train,kv1__NYUdata__NYU0111,monitor_or_tv_2,monitor_or_tv,off,off,1,0.9398496069819843,off
rgbd,train,kv1__NYUdata__NYU0111,monitor_or_tv_3,monitor_or_tv,off,off,1,1.0,off
rgbd,train,kv1__NYUdata__NYU0111,monitor_or_tv_4,monitor_or_tv,off,off,1,0.9749098616005313,off
rgbd,train,kv1__NYUdata__NYU0112,monitor_or_tv_1,monitor_or_tv,off,off,1,0.9143467237729532,off
rgbd,train,kv1__NYUdata__NYU0112,monitor_or_tv_2,monitor_or_tv,off,off,1,0.9480434236466267,off
rgbd,train,kv1__NYUdata__NYU0123,monitor_or_tv_1,monitor_or_tv,off,off,1,0.9336000161856155,off
rgbd,train,kv1__NYUdata__NYU0146,monitor_or_tv_1,monitor_or_tv,off,off,1,0.9517468471245172,off
rgbd,train,kv1__NYUdata__NYU0147,monitor_or_tv_1,monitor_or_tv,off,off,1,0.9883170254133191,off
rgbd,train,kv1__NYUdata__NYU0164,monitor_or_tv_1,monitor_or_tv,off,off,1,0.8795525295054383,off
rgbd,train,kv1__NYUdata__NYU0169,monitor_or_tv_1,monitor_or_tv,on,on,1,0.9110102651011958,on
rgbd,train,kv1__NYUdata__NYU0177,monitor_or_tv_1,monitor_or_tv,off,off,1,0.8880862538110041,off
rgbd,train,kv1__NYUdata__NYU0188,monitor_or_tv_1,monitor_or_tv,off,off,1,0.9911392405063292,off
rgbd,train,kv1__NYUdata__NYU0192,monitor_or_tv_1,monitor_or_tv,off,off,1,0.9489423992051214,off
rgbd,train,kv1__NYUdata__NYU0193,monitor_or_tv_1,monitor_or_tv,off,off,1,0.9937431693989072,off
rgbd,train,kv1__NYUdata__NYU0200,monitor_or_tv_1,monitor_or_tv,off,off,1,0.9966666666666667,off
rgbd,train,kv1__NYUdata__NYU0213,monitor_or_tv_1,monitor_or_tv,on,on,1,0.7841371475898892,on
rgbd,train,kv1__NYUdata__NYU0213,monitor_or_tv_2,monitor_or_tv,on,on,1,0.8746536344232849,on
rgbd,train,kv1__NYUdata__NYU0213,monitor_or_tv_3,monitor_or_tv,off,off,1,0.9731725667221034,off
rgbd,train,kv1__NYUdata__NYU0215,monitor_or_tv_1,monitor_or_tv,off,off,1,0.9509553447941954,off
rgbd,train,kv1__NYUdata__NYU0216,monitor_or_tv_1,monitor_or_tv,off,off,1,0.9823435798435797,off
rgbd,train,kv1__NYUdata__NYU0216,monitor_or_tv_2,monitor_or_tv,on,on,1,0.6698553648202644,on
rgbd,train,kv1__NYUdata__NYU0218,monitor_or_tv_1,monitor_or_tv,off,off,1,1.0,off
rgbd,train,kv1__NYUdata__NYU0254,monitor_or_tv_1,monitor_or_tv,off,off,1,0.9402768971917114,off
rgbd,train,kv1__NYUdata__NYU0259,monitor_or_tv_1,monitor_or_tv,off,off,1,0.9436182471943596,off
rgbd,val,xtion__sun3ddata__Portland_hotel__Portland_hotel__0000634-000021215628,monitor_or_tv_1,monitor_or_tv,off,off,1,0.9080841942089452,off
rgbd,val,xtion__sun3ddata__home_md__home_md_scan4_2012_july_29__0002005-000310822998,monitor_or_tv_1,monitor_or_tv,off,off,1,0.9806689798518221,off
rgbd,val,xtion__sun3ddata__hotel_florence_ant__hotel_room_florence_scan1_2012_oct_09__0000504-000016892064,monitor_or_tv_1,monitor_or_tv,off,off,1,0.9133802627579796,off
rgbd,val,kv1__NYUdata__NYU0785,monitor_or_tv_1,monitor_or_tv,off,off,1,0.9724043715846995,off
rgbd,val,kv1__NYUdata__NYU0788,monitor_or_tv_1,monitor_or_tv,off,off,1,0.9568786000939641,off
rgbd,val,kv1__NYUdata__NYU0801,monitor_or_tv_1,monitor_or_tv,on,off,0,0.7760252005861327,off
rgbd,val,kv1__NYUdata__NYU0828,monitor_or_tv_1,monitor_or_tv,off,off,1,0.8999159657853067,off
rgbd,val,kv1__NYUdata__NYU1088,monitor_or_tv_1,monitor_or_tv,on,off,0,0.9222220561840373,off
rgbd,val,kv1__NYUdata__NYU1138,monitor_or_tv_1,monitor_or_tv,off,off,1,0.9510837004904039,off
rgbd,val,kv1__NYUdata__NYU1186,monitor_or_tv_1,monitor_or_tv,off,off,1,0.8905735028282504,off
rgbd,val,kv1__NYUdata__NYU1225,monitor_or_tv_1,monitor_or_tv,on,on,1,0.629594111170195,on
rgbd,val,kv1__NYUdata__NYU0264,monitor_or_tv_1,monitor_or_tv,off,off,1,0.8195100239160267,off
rgbd,val,kv1__NYUdata__NYU0279,monitor_or_tv_1,monitor_or_tv,off,off,1,0.9561512288499153,off
rgbd,val,kv1__NYUdata__NYU0279,monitor_or_tv_2,monitor_or_tv,off,off,1,0.9805207625091286,off
rgbd,val,kv1__NYUdata__NYU0279,monitor_or_tv_3,monitor_or_tv,off,off,1,0.9772131147540983,off
rgbd,val,kv1__NYUdata__NYU0279,monitor_or_tv_4,monitor_or_tv,off,on,0,0.5618832783887878,on
rgbd,val,kv1__NYUdata__NYU0279,monitor_or_tv_6,monitor_or_tv,off,off,1,0.9615492745430565,off
rgbd,val,kv1__NYUdata__NYU0279,monitor_or_tv_7,monitor_or_tv,off,off,1,0.8894030448486508,off
rgbd,val,kv1__NYUdata__NYU0287,monitor_or_tv_1,monitor_or_tv,off,off,1,0.9574720357941834,off
rgbd,val,kv1__NYUdata__NYU0294,monitor_or_tv_1,monitor_or_tv,off,off,1,0.9476725922570608,off
rgbd,val,kv1__NYUdata__NYU0296,monitor_or_tv_1,monitor_or_tv,off,off,1,0.9390420428106794,off
rgbd,test,xtion__sun3ddata__mit_32_d460__d460-1__0002626-000087979500,monitor_or_tv_1,monitor_or_tv,off,off,1,0.9135686271759181,off
rgbd,test,kv1__NYUdata__NYU0829,monitor_or_tv_1,monitor_or_tv,off,off,1,0.841403517940443,off
rgbd,test,kv1__NYUdata__NYU0836,monitor_or_tv_1,monitor_or_tv,on,on,1,0.8726875771082424,on
rgbd,test,kv1__NYUdata__NYU0854,monitor_or_tv_1,monitor_or_tv,off,off,1,0.8888293901254388,off
rgbd,test,kv1__NYUdata__NYU0877,monitor_or_tv_1,monitor_or_tv,on,on,1,0.5524324122204545,on
rgbd,test,kv1__NYUdata__NYU0912,monitor_or_tv_1,monitor_or_tv,off,off,1,0.9556185395857206,off
rgbd,test,kv1__NYUdata__NYU0970,monitor_or_tv_1,monitor_or_tv,off,off,1,0.9784538838737002,off
rgbd,test,kv1__NYUdata__NYU1300,monitor_or_tv_1,monitor_or_tv,on,off,0,0.54408708095317,off
rgbd,test,kv1__b3dodata__img_0225,monitor_or_tv_1,monitor_or_tv,off,off,1,0.9750814469637427,off
rgbd,test,kv1__b3dodata__img_0263,monitor_or_tv_1,monitor_or_tv,off,off,1,0.9966666666666667,off
rgbd,test,kv1__b3dodata__img_0288,monitor_or_tv_1,monitor_or_tv,off,off,1,0.6782048592688085,off
rgbd,test,kv1__NYUdata__NYU0300,monitor_or_tv_1,monitor_or_tv,on,off,0,0.745907784027954,off
rgbd,test,kv1__NYUdata__NYU0304,monitor_or_tv_1,monitor_or_tv,off,off,1,0.9697414734740532,off
rgbd,test,kv1__NYUdata__NYU0304,monitor_or_tv_2,monitor_or_tv,off,off,1,0.9915376442015785,off
rgbd,test,kv1__NYUdata__NYU0333,monitor_or_tv_1,monitor_or_tv,on,on,1,0.7173726317873417,on
rgbd,test,kv1__NYUdata__NYU0333,monitor_or_tv_2,monitor_or_tv,off,off,1,0.5059079530705081,off
rgbd,test,kv1__NYUdata__NYU0333,monitor_or_tv_3,monitor_or_tv,off,off,1,0.9784699453551912,off
rgbd,test,kv1__NYUdata__NYU0333,monitor_or_tv_4,monitor_or_tv,on,on,1,0.7046080463214756,on
rgbd,test,kv1__NYUdata__NYU0333,monitor_or_tv_5,monitor_or_tv,on,off,0,0.9972950819672131,off
rgbd,test,kv1__NYUdata__NYU0333,monitor_or_tv_6,monitor_or_tv,off,off,1,0.9565532990783784,off
rgbd,test,kv1__NYUdata__NYU0333,monitor_or_tv_7,monitor_or_tv,off,off,1,0.8512803547443901,off
rgbd,test,kv1__NYUdata__NYU0333,monitor_or_tv_8,monitor_or_tv,on,on,1,0.650617966357815,on
rgbd,test,kv1__NYUdata__NYU0334,monitor_or_tv_1,monitor_or_tv,on,off,0,0.5104271585436438,off
rgbd,test,kv1__NYUdata__NYU0334,monitor_or_tv_2,monitor_or_tv,on,off,0,0.6851247464787598,off
rgbd,test,kv1__NYUdata__NYU0334,monitor_or_tv_3,monitor_or_tv,on,on,1,0.5323941006015118,on
rgbd,test,kv1__NYUdata__NYU0334,monitor_or_tv_4,monitor_or_tv,off,off,1,0.97736613673786,off
rgbd,test,kv1__NYUdata__NYU0334,monitor_or_tv_5,monitor_or_tv,on,off,0,0.5126499100170908,off
rgbd,test,kv1__NYUdata__NYU0335,monitor_or_tv_3,monitor_or_tv,on,on,1,0.5755562255726022,on
rgbd,test,kv1__NYUdata__NYU0335,monitor_or_tv_4,monitor_or_tv,on,on,1,0.5900980003412895,on
rgbd,test,kv1__NYUdata__NYU0335,monitor_or_tv_5,monitor_or_tv,on,off,0,0.5161321121532123,off
rgbd,test,kv1__NYUdata__NYU0335,monitor_or_tv_6,monitor_or_tv,on,off,0,0.5430593503237545,off
rgbd,test,kv1__NYUdata__NYU0335,monitor_or_tv_7,monitor_or_tv,off,off,1,0.9449196872542268,off
