scene_id,scene_relpath,image_relpath,depth_relpath,scene_type,target_categories,lamp_count,monitor_or_tv_count,door_count,split,lamp_state,monitor_state,door_state,scene_energy_label,reviewer,notes
kv1__NYUdata__NYU0228,kv1/NYUdata/NYU0228,kv1/NYUdata/NYU0228/image/NYU0228.jpg,kv1/NYUdata/NYU0228/depth/NYU0228.png,furniture_store,"lamp,monitor_or_tv,door",1,1,1,train,unknown,unknown,unknown,unknown,,
kv1__NYUdata__NYU0579,kv1/NYUdata/NYU0579,kv1/NYUdata/NYU0579/image/NYU0579.jpg,kv1/NYUdata/NYU0579/depth/NYU0579.png,living_room,"lamp,monitor_or_tv,door",1,1,1,train,unknown,unknown,unknown,unknown,,
kv1__NYUdata__NYU0614,kv1/NYUdata/NYU0614,kv1/NYUdata/NYU0614/image/NYU0614.jpg,kv1/NYUdata/NYU0614/depth/NYU0614.png,office,"lamp,monitor_or_tv,door",2,1,1,train,unknown,unknown,unknown,unknown,,
kv1__NYUdata__NYU0625,kv1/NYUdata/NYU0625,kv1/NYUdata/NYU0625/image/NYU0625.jpg,kv1/NYUdata/NYU0625/depth/NYU0625.png,office,"lamp,monitor_or_tv,door",1,2,3,train,unknown,unknown,unknown,unknown,,
kv1__NYUdata__NYU0964,kv1/NYUdata/NYU0964,kv1/NYUdata/NYU0964/image/NYU0964.jpg,kv1/NYUdata/NYU0964/depth/NYU0964.png,bedroom,"lamp,monitor_or_tv,door",1,2,1,train,unknown,unknown,unknown,unknown,,
kv1__NYUdata__NYU1232,kv1/NYUdata/NYU1232,kv1/NYUdata/NYU1232/image/NYU1232.jpg,kv1/NYUdata/NYU1232/depth/NYU1232.png,living_room,"lamp,monitor_or_tv,door",2,4,1,train,unknown,unknown,unknown,unknown,,
kv1__NYUdata__NYU1289,kv1/NYUdata/NYU1289,kv1/NYUdata/NYU1289/image/NYU1289.jpg,kv1/NYUdata/NYU1289/depth/NYU1289.png,living_room,"lamp,monitor_or_tv,door",1,1,1,train,unknown,unknown,unknown,unknown,,
kv1__NYUdata__NYU1290,kv1/NYUdata/NYU1290,kv1/NYUdata/NYU1290/image/NYU1290.jpg,kv1/NYUdata/NYU1290/depth/NYU1290.png,living_room,"lamp,monitor_or_tv,door",1,2,2,train,unknown,unknown,unknown,unknown,,
kv1__b3dodata__img_0556,kv1/b3dodata/img_0556,kv1/b3dodata/img_0556/image/img_0556.jpg,,living_room,"lamp,monitor_or_tv,door",1,1,1,train,unknown,unknown,unknown,unknown,,
kv1__b3dodata__img_0669,kv1/b3dodata/img_0669,kv1/b3dodata/img_0669/image/img_0669.jpg,,living_room,"lamp,monitor_or_tv,door",1,3,1,train,unknown,unknown,unknown,unknown,,
kv2__kinect2data__000401_2014-06-09_22-23-08_260595134347_rgbf000123-resize,kv2/kinect2data/000401_2014-06-09_22-23-08_260595134347_rgbf000123-resize,kv2/kinect2data/000401_2014-06-09_22-23-08_260595134347_rgbf000123-resize/image/0000123.jpg,kv2/kinect2data/000401_2014-06-09_22-23-08_260595134347_rgbf000123-resize/depth/0000123.png,dining_room,"lamp,monitor_or_tv,door",1,1,1,train,unknown,unknown,unknown,unknown,,
kv2__kinect2data__000415_2014-06-04_19-50-03_260595134347_rgbf000070-resize,kv2/kinect2data/000415_2014-06-04_19-50-03_260595134347_rgbf000070-resize,kv2/kinect2data/000415_2014-06-04_19-50-03_260595134347_rgbf000070-resize/image/0000070.jpg,kv2/kinect2data/000415_2014-06-04_19-50-03_260595134347_rgbf000070-resize/depth/0000070.png,home_office,"lamp,monitor_or_tv,door",2,2,1,train,unknown,unknown,unknown,unknown,,
kv2__kinect2data__000440_2014-06-08_11-25-22_260595134347_rgbf000080-resize,kv2/kinect2data/000440_2014-06-08_11-25-22_260595134347_rgbf000080-resize,kv2/kinect2data/000440_2014-06-08_11-25-22_260595134347_rgbf000080-resize/image/0000080.jpg,kv2/kinect2data/000440_2014-06-08_11-25-22_260595134347_rgbf000080-resize/depth/0000080.png,recreation_room,"lamp,monitor_or_tv,door",1,5,2,train,unknown,unknown,unknown,unknown,,
kv2__kinect2data__000579_2014-06-08_11-07-06_260595134347_rgbf000166-resize,kv2/kinect2data/000579_2014-06-08_11-07-06_260595134347_rgbf000166-resize,kv2/kinect2data/000579_2014-06-08_11-07-06_260595134347_rgbf000166-resize/image/0000166.jpg,kv2/kinect2data/000579_2014-06-08_11-07-06_260595134347_rgbf000166-resize/depth/0000166.png,office,"lamp,monitor_or_tv,door",1,1,1,train,unknown,unknown,unknown,unknown,,
kv2__kinect2data__000782_2014-06-08_22-29-24_260595134347_rgbf000048-resize,kv2/kinect2data/000782_2014-06-08_22-29-24_260595134347_rgbf000048-resize,kv2/kinect2data/000782_2014-06-08_22-29-24_260595134347_rgbf000048-resize/image/0000048.jpg,kv2/kinect2data/000782_2014-06-08_22-29-24_260595134347_rgbf000048-resize/depth/0000048.png,corridor,"lamp,monitor_or_tv,door",1,1,1,train,unknown,unknown,unknown,unknown,,
kv2__kinect2data__000795_2014-06-08_22-39-38_260595134347_rgbf000063-resize,kv2/kinect2data/000795_2014-06-08_22-39-38_260595134347_rgbf000063-resize,kv2/kinect2data/000795_2014-06-08_22-39-38_260595134347_rgbf000063-resize/image/0000063.jpg,kv2/kinect2data/000795_2014-06-08_22-39-38_260595134347_rgbf000063-resize/depth/0000063.png,office,"lamp,monitor_or_tv,door",1,2,1,train,unknown,unknown,unknown,unknown,,
kv2__kinect2data__000827_2014-06-04_19-29-38_260595134347_rgbf000055-resize,kv2/kinect2data/000827_2014-06-04_19-29-38_260595134347_rgbf000055-resize,kv2/kinect2data/000827_2014-06-04_19-29-38_260595134347_rgbf000055-resize/image/0000055.jpg,kv2/kinect2data/000827_2014-06-04_19-29-38_260595134347_rgbf000055-resize/depth/0000055.png,living_room,"lamp,monitor_or_tv,door",2,2,1,train,unknown,unknown,unknown,unknown,,
kv2__kinect2data__000831_2014-06-04_19-50-37_260595134347_rgbf000064-resize,kv2/kinect2data/000831_2014-06-04_19-50-37_260595134347_rgbf000064-resize,kv2/kinect2data/000831_2014-06-04_19-50-37_260595134347_rgbf000064-resize/image/0000064.jpg,kv2/kinect2data/000831_2014-06-04_19-50-37_260595134347_rgbf000064-resize/depth/0000064.png,living_room,"lamp,monitor_or_tv,door",3,1,2,train,unknown,unknown,unknown,unknown,,
kv2__kinect2data__001068_2014-06-08_22-04-21_260595134347_rgbf000078-resize,kv2/kinect2data/001068_2014-06-08_22-04-21_260595134347_rgbf000078-resize,kv2/kinect2data/001068_2014-06-08_22-04-21_260595134347_rgbf000078-resize/image/0000078.jpg,kv2/kinect2data/001068_2014-06-08_22-04-21_260595134347_rgbf000078-resize/depth/0000078.png,office,"lamp,monitor_or_tv,door",2,3,1,train,unknown,unknown,unknown,unknown,,
kv2__kinect2data__001096_2014-06-15_17-42-27_260595134347_rgbf000136-resize,kv2/kinect2data/001096_2014-06-15_17-42-27_260595134347_rgbf000136-resize,kv2/kinect2data/001096_2014-06-15_17-42-27_260595134347_rgbf000136-resize/image/0000136.jpg,kv2/kinect2data/001096_2014-06-15_17-42-27_260595134347_rgbf000136-resize/depth/0000136.png,office,"lamp,monitor_or_tv,door",2,1,1,train,unknown,unknown,unknown,unknown,,
kv2__kinect2data__001111_2014-06-15_17-27-08_260595134347_rgbf000164-resize,kv2/kinect2data/001111_2014-06-15_17-27-08_260595134347_rgbf000164-resize,kv2/kinect2data/001111_2014-06-15_17-27-08_260595134347_rgbf000164-resize/image/0000164.jpg,kv2/kinect2data/001111_2014-06-15_17-27-08_260595134347_rgbf000164-resize/depth/0000164.png,living_room,"lamp,monitor_or_tv,door",1,1,1,train,unknown,unknown,unknown,unknown,,
kv2__kinect2data__001683_2014-06-26_19-14-58_260595134347_rgbf000042-resize,kv2/kinect2data/001683_2014-06-26_19-14-58_260595134347_rgbf000042-resize,kv2/kinect2data/001683_2014-06-26_19-14-58_260595134347_rgbf000042-resize/image/0000042.jpg,kv2/kinect2data/001683_2014-06-26_19-14-58_260595134347_rgbf000042-resize/depth/0000042.png,furniture_store,"lamp,monitor_or_tv,door",1,1,1,train,unknown,unknown,unknown,unknown,,
kv2__kinect2data__001684_2014-06-26_19-15-13_260595134347_rgbf000103-resize,kv2/kinect2data/001684_2014-06-26_19-15-13_260595134347_rgbf000103-resize,kv2/kinect2data/001684_2014-06-26_19-15-13_260595134347_rgbf000103-resize/image/0000103.jpg,kv2/kinect2data/001684_2014-06-26_19-15-13_260595134347_rgbf000103-resize/depth/0000103.png,furniture_store,"lamp,monitor_or_tv,door",2,2,1,train,unknown,unknown,unknown,unknown,,
kv2__kinect2data__002037_2014-06-24_20-21-35_260595134347_rgbf000033-resize,kv2/kinect2data/002037_2014-06-24_20-21-35_260595134347_rgbf000033-resize,kv2/kinect2data/002037_2014-06-24_20-21-35_260595134347_rgbf000033-resize/image/0000033.jpg,kv2/kinect2data/002037_2014-06-24_20-21-35_260595134347_rgbf000033-resize/depth/0000033.png,bedroom,"lamp,monitor_or_tv,door",1,2,1,train,unknown,unknown,unknown,unknown,,
kv2__kinect2data__002038_2014-06-24_20-21-59_260595134347_rgbf000131-resize,kv2/kinect2data/002038_2014-06-24_20-21-59_260595134347_rgbf000131-resize,kv2/kinect2data/002038_2014-06-24_20-21-59_260595134347_rgbf000131-resize/image/0000131.jpg,kv2/kinect2data/002038_2014-06-24_20-21-59_260595134347_rgbf000131-resize/depth/0000131.png,bedroom,"lamp,monitor_or_tv,door",2,2,1,train,unknown,unknown,unknown,unknown,,
kv2__kinect2data__002452_2014-06-28_20-33-54_260595134347_rgbf000018-resize,kv2/kinect2data/002452_2014-06-28_20-33-54_260595134347_rgbf000018-resize,kv2/kinect2data/002452_2014-06-28_20-33-54_260595134347_rgbf000018-resize/image/0000018.jpg,kv2/kinect2data/002452_2014-06-28_20-33-54_260595134347_rgbf000018-resize/depth/0000018.png,furniture_store,"lamp,monitor_or_tv,door",2,1,1,train,unknown,unknown,unknown,unknown,,
kv2__kinect2data__003048_2014-06-15_13-49-43_094959634447_rgbf000150-resize,kv2/kinect2data/003048_2014-06-15_13-49-43_094959634447_rgbf000150-resize,kv2/kinect2data/003048_2014-06-15_13-49-43_094959634447_rgbf000150-resize/image/0000150.jpg,kv2/kinect2data/003048_2014-06-15_13-49-43_094959634447_rgbf000150-resize/depth/0000150.png,furniture_store,"lamp,monitor_or_tv,door",2,2,1,train,unknown,unknown,unknown,unknown,,
realsense__lg__2014_10_27-15_41_09-1311000073,realsense/lg/2014_10_27-15_41_09-1311000073,realsense/lg/2014_10_27-15_41_09-1311000073/image/0000063.jpg,realsense/lg/2014_10_27-15_41_09-1311000073/depth/0000063.png,rest_space,"lamp,monitor_or_tv,door",1,1,1,train,unknown,unknown,unknown,unknown,,
xtion__sun3ddata__Portland_hotel__Portland_hotel__0000634-000021215628,xtion/sun3ddata/Portland_hotel/Portland_hotel/0000634-000021215628,xtion/sun3ddata/Portland_hotel/Portland_hotel/0000634-000021215628/image/0000634-000021215628.jpg,,bedroom,"lamp,monitor_or_tv,door",1,2,1,val,unknown,unknown,unknown,unknown,,
xtion__sun3ddata__home_md__home_md_scan4_2012_july_29__0002005-000310822998,xtion/sun3ddata/home_md/home_md_scan4_2012_july_29/0002005-000310822998,xtion/sun3ddata/home_md/home_md_scan4_2012_july_29/0002005-000310822998/image/0002005-000310822998.jpg,xtion/sun3ddata/home_md/home_md_scan4_2012_july_29/0002005-000310822998/depth/0002005-000310822998.png,living_room,"lamp,monitor_or_tv,door",1,2,1,val,unknown,unknown,unknown,unknown,,
xtion__sun3ddata__hotel_florence_ant__hotel_room_florence_scan1_2012_oct_09__0000504-000016892064,xtion/sun3ddata/hotel_florence_ant/hotel_room_florence_scan1_2012_oct_09/0000504-000016892064,xtion/sun3ddata/hotel_florence_ant/hotel_room_florence_scan1_2012_oct_09/0000504-000016892064/image/0000504-000016892064.jpg,,bedroom,"lamp,monitor_or_tv,door",1,2,1,val,unknown,unknown,unknown,unknown,,
xtion__sun3ddata__hotel_florence_ant__hotel_room_florence_scan1_2012_oct_09__0001910-000064049076,xtion/sun3ddata/hotel_florence_ant/hotel_room_florence_scan1_2012_oct_09/0001910-000064049076,xtion/sun3ddata/hotel_florence_ant/hotel_room_florence_scan1_2012_oct_09/0001910-000064049076/image/0001910-000064049076.jpg,,bedroom,"lamp,monitor_or_tv,door",2,1,1,val,unknown,unknown,unknown,unknown,,
xtion__sun3ddata__hotel_pedraza__hotel_room_pedraza_2012_nov_25__0000457-000015397777,xtion/sun3ddata/hotel_pedraza/hotel_room_pedraza_2012_nov_25/0000457-000015397777,xtion/sun3ddata/hotel_pedraza/hotel_room_pedraza_2012_nov_25/0000457-000015397777/image/0000457-000015397777.jpg,,bedroom,"lamp,monitor_or_tv,door",2,1,2,val,unknown,unknown,unknown,unknown,,
xtion__sun3ddata__hotel_pedraza__hotel_room_pedraza_2012_nov_25__0009216-000308964421,xtion/sun3ddata/hotel_pedraza/hotel_room_pedraza_2012_nov_25/0009216-000308964421,xtion/sun3ddata/hotel_pedraza/hotel_room_pedraza_2012_nov_25/0009216-000308964421/image/0009216-000308964421.jpg,,bedroom,"lamp,monitor_or_tv,door",1,1,1,val,unknown,unknown,unknown,unknown,,
xtion__sun3ddata__mit_32_d460__d460-1__0002626-000087979500,xtion/sun3ddata/mit_32_d460/d460-1/0002626-000087979500,xtion/sun3ddata/mit_32_d460/d460-1/0002626-000087979500/image/0002626-000087979500.jpg,,office,"lamp,monitor_or_tv,door",1,1,1,test,unknown,unknown,unknown,unknown,,
xtion__sun3ddata__mit_32_lounge_d429__d4_lounge_1__0001239-000041492808,xtion/sun3ddata/mit_32_lounge_d429/d4_lounge_1/0001239-000041492808,xtion/sun3ddata/mit_32_lounge_d429/d4_lounge_1/0001239-000041492808/image/0001239-000041492808.jpg,,office,"lamp,monitor_or_tv,door",4,2,1,test,unknown,unknown,unknown,unknown,,
kv1__NYUdata__NYU0029,kv1/NYUdata/NYU0029,kv1/NYUdata/NYU0029/image/NYU0029.jpg,kv1/NYUdata/NYU0029/depth/NYU0029.png,office,"monitor_or_tv,door",0,1,4,train,unknown,unknown,unknown,unknown,,
kv1__NYUdata__NYU0030,kv1/NYUdata/NYU0030,kv1/NYUdata/NYU0030/image/NYU0030.jpg,kv1/NYUdata/NYU0030/depth/NYU0030.png,office,"monitor_or_tv,door",0,2,2,train,unknown,unknown,unknown,unknown,,
kv1__NYUdata__NYU0052,kv1/NYUdata/NYU0052,kv1/NYUdata/NYU0052/image/NYU0052.jpg,kv1/NYUdata/NYU0052/depth/NYU0052.png,living_room,"lamp,door",2,0,2,train,unknown,unknown,unknown,unknown,,
kv1__NYUdata__NYU0062,kv1/NYUdata/NYU0062,kv1/NYUdata/NYU0062/image/NYU0062.jpg,kv1/NYUdata/NYU0062/depth/NYU0062.png,bedroom,"monitor_or_tv,door",0,2,2,train,unknown,unknown,unknown,unknown,,
kv1__NYUdata__NYU0121,kv1/NYUdata/NYU0121,kv1/NYUdata/NYU0121/image/NYU0121.jpg,kv1/NYUdata/NYU0121/depth/NYU0121.png,cafeteria,"monitor_or_tv,door",0,6,2,train,unknown,unknown,unknown,unknown,,
kv1__NYUdata__NYU0156,kv1/NYUdata/NYU0156,kv1/NYUdata/NYU0156/image/NYU0156.jpg,kv1/NYUdata/NYU0156/depth/NYU0156.png,living_room,"lamp,monitor_or_tv",2,2,0,train,unknown,unknown,unknown,unknown,,
kv1__NYUdata__NYU0163,kv1/NYUdata/NYU0163,kv1/NYUdata/NYU0163/image/NYU0163.jpg,kv1/NYUdata/NYU0163/depth/NYU0163.png,living_room,"monitor_or_tv,door",0,2,2,train,unknown,unknown,unknown,unknown,,
kv1__NYUdata__NYU0166,kv1/NYUdata/NYU0166,kv1/NYUdata/NYU0166/image/NYU0166.jpg,kv1/NYUdata/NYU0166/depth/NYU0166.png,living_room,"lamp,door",3,0,4,train,unknown,unknown,unknown,unknown,,
kv1__NYUdata__NYU0173,kv1/NYUdata/NYU0173,kv1/NYUdata/NYU0173/image/NYU0173.jpg,kv1/NYUdata/NYU0173/depth/NYU0173.png,bedroom,"lamp,door",2,0,4,train,unknown,unknown,unknown,unknown,,
kv1__NYUdata__NYU0185,kv1/NYUdata/NYU0185,kv1/NYUdata/NYU0185/image/NYU0185.jpg,kv1/NYUdata/NYU0185/depth/NYU0185.png,bedroom,"lamp,monitor_or_tv",2,1,0,train,unknown,unknown,unknown,unknown,,
kv1__NYUdata__NYU0186,kv1/NYUdata/NYU0186,kv1/NYUdata/NYU0186/image/NYU0186.jpg,kv1/NYUdata/NYU0186/depth/NYU0186.png,bedroom,"lamp,monitor_or_tv",5,1,0,train,unknown,unknown,unknown,unknown,,
kv1__NYUdata__NYU0191,kv1/NYUdata/NYU0191,kv1/NYUdata/NYU0191/image/NYU0191.jpg,kv1/NYUdata/NYU0191/depth/NYU0191.png,bedroom,"lamp,door",1,0,3,train,unknown,unknown,unknown,unknown,,
kv1__NYUdata__NYU0201,kv1/NYUdata/NYU0201,kv1/NYUdata/NYU0201/image/NYU0201.jpg,kv1/NYUdata/NYU0201/depth/NYU0201.png,kitchen,"monitor_or_tv,door",0,2,1,train,unknown,unknown,unknown,unknown,,
kv1__NYUdata__NYU0220,kv1/NYUdata/NYU0220,kv1/NYUdata/NYU0220/image/NYU0220.jpg,kv1/NYUdata/NYU0220/depth/NYU0220.png,bedroom,"monitor_or_tv,door",0,1,2,train,unknown,unknown,unknown,unknown,,
kv1__NYUdata__NYU0221,kv1/NYUdata/NYU0221,kv1/NYUdata/NYU0221/image/NYU0221.jpg,kv1/NYUdata/NYU0221/depth/NYU0221.png,bedroom,"lamp,door",3,0,3,train,unknown,unknown,unknown,unknown,,
kv1__NYUdata__NYU0222,kv1/NYUdata/NYU0222,kv1/NYUdata/NYU0222/image/NYU0222.jpg,kv1/NYUdata/NYU0222/depth/NYU0222.png,bedroom,"lamp,door",2,0,3,train,unknown,unknown,unknown,unknown,,
kv1__NYUdata__NYU0232,kv1/NYUdata/NYU0232,kv1/NYUdata/NYU0232/image/NYU0232.jpg,kv1/NYUdata/NYU0232/depth/NYU0232.png,furniture_store,"lamp,monitor_or_tv",1,1,0,train,unknown,unknown,unknown,unknown,,
kv1__NYUdata__NYU0234,kv1/NYUdata/NYU0234,kv1/NYUdata/NYU0234/image/NYU0234.jpg,kv1/NYUdata/NYU0234/depth/NYU0234.png,furniture_store,"lamp,monitor_or_tv",2,1,0,train,unknown,unknown,unknown,unknown,,
kv1__NYUdata__NYU0260,kv1/NYUdata/NYU0260,kv1/NYUdata/NYU0260/image/NYU0260.jpg,kv1/NYUdata/NYU0260/depth/NYU0260.png,living_room,"lamp,door",1,0,2,train,unknown,unknown,unknown,unknown,,
kv1__NYUdata__NYU0262,kv1/NYUdata/NYU0262,kv1/NYUdata/NYU0262/image/NYU0262.jpg,kv1/NYUdata/NYU0262/depth/NYU0262.png,living_room,"monitor_or_tv,door",0,2,1,train,unknown,unknown,unknown,unknown,,
kv1__NYUdata__NYU0265,kv1/NYUdata/NYU0265,kv1/NYUdata/NYU0265/image/NYU0265.jpg,kv1/NYUdata/NYU0265/depth/NYU0265.png,living_room,"lamp,door",2,0,4,train,unknown,unknown,unknown,unknown,,
kv1__NYUdata__NYU0268,kv1/NYUdata/NYU0268,kv1/NYUdata/NYU0268/image/NYU0268.jpg,kv1/NYUdata/NYU0268/depth/NYU0268.png,living_room,"lamp,door",2,0,2,train,unknown,unknown,unknown,unknown,,
kv1__NYUdata__NYU0272,kv1/NYUdata/NYU0272,kv1/NYUdata/NYU0272/image/NYU0272.jpg,kv1/NYUdata/NYU0272/depth/NYU0272.png,office,"monitor_or_tv,door",0,3,1,train,unknown,unknown,unknown,unknown,,
kv1__NYUdata__NYU0291,kv1/NYUdata/NYU0291,kv1/NYUdata/NYU0291/image/NYU0291.jpg,kv1/NYUdata/NYU0291/depth/NYU0291.png,classroom,"monitor_or_tv,door",0,4,1,train,unknown,unknown,unknown,unknown,,
kv1__NYUdata__NYU0309,kv1/NYUdata/NYU0309,kv1/NYUdata/NYU0309/image/NYU0309.jpg,kv1/NYUdata/NYU0309/depth/NYU0309.png,classroom,"lamp,monitor_or_tv",2,2,0,train,unknown,unknown,unknown,unknown,,
kv1__NYUdata__NYU0349,kv1/NYUdata/NYU0349,kv1/NYUdata/NYU0349/image/NYU0349.jpg,kv1/NYUdata/NYU0349/depth/NYU0349.png,gym,"monitor_or_tv,door",0,3,1,train,unknown,unknown,unknown,unknown,,
kv1__NYUdata__NYU0355,kv1/NYUdata/NYU0355,kv1/NYUdata/NYU0355/image/NYU0355.jpg,kv1/NYUdata/NYU0355/depth/NYU0355.png,home_office,"lamp,monitor_or_tv",1,2,0,train,unknown,unknown,unknown,unknown,,
kv1__NYUdata__NYU0356,kv1/NYUdata/NYU0356,kv1/NYUdata/NYU0356/image/NYU0356.jpg,kv1/NYUdata/NYU0356/depth/NYU0356.png,home_office,"monitor_or_tv,door",0,2,1,train,unknown,unknown,unknown,unknown,,
kv1__NYUdata__NYU0377,kv1/NYUdata/NYU0377,kv1/NYUdata/NYU0377/image/NYU0377.jpg,kv1/NYUdata/NYU0377/depth/NYU0377.png,home_office,"monitor_or_tv,door",0,1,1,train,unknown,unknown,unknown,unknown,,
kv1__NYUdata__NYU0378,kv1/NYUdata/NYU0378,kv1/NYUdata/NYU0378/image/NYU0378.jpg,kv1/NYUdata/NYU0378/depth/NYU0378.png,home_office,"lamp,door",2,0,1,train,unknown,unknown,unknown,unknown,,
kv1__NYUdata__NYU0387,kv1/NYUdata/NYU0387,kv1/NYUdata/NYU0387/image/NYU0387.jpg,kv1/NYUdata/NYU0387/depth/NYU0387.png,home_office,"lamp,monitor_or_tv",1,2,0,train,unknown,unknown,unknown,unknown,,
kv1__NYUdata__NYU0388,kv1/NYUdata/NYU0388,kv1/NYUdata/NYU0388/image/NYU0388.jpg,kv1/NYUdata/NYU0388/depth/NYU0388.png,home_office,"lamp,monitor_or_tv",1,3,0,train,unknown,unknown,unknown,unknown,,
kv1__NYUdata__NYU0398,kv1/NYUdata/NYU0398,kv1/NYUdata/NYU0398/image/NYU0398.jpg,kv1/NYUdata/NYU0398/depth/NYU0398.png,storage_room,"lamp,monitor_or_tv",1,2,0,train,unknown,unknown,unknown,unknown,,
kv1__NYUdata__NYU0402,kv1/NYUdata/NYU0402,kv1/NYUdata/NYU0402/image/NYU0402.jpg,kv1/NYUdata/NYU0402/depth/NYU0402.png,storage_room,"lamp,monitor_or_tv",1,2,0,train,unknown,unknown,unknown,unknown,,
kv1__NYUdata__NYU0420,kv1/NYUdata/NYU0420,kv1/NYUdata/NYU0420/image/NYU0420.jpg,kv1/NYUdata/NYU0420/depth/NYU0420.png,playroom,"monitor_or_tv,door",0,1,4,train,unknown,unknown,unknown,unknown,,
kv1__NYUdata__NYU0421,kv1/NYUdata/NYU0421,kv1/NYUdata/NYU0421/image/NYU0421.jpg,kv1/NYUdata/NYU0421/depth/NYU0421.png,playroom,"lamp,monitor_or_tv",2,1,0,train,unknown,unknown,unknown,unknown,,
kv1__NYUdata__NYU0429,kv1/NYUdata/NYU0429,kv1/NYUdata/NYU0429/image/NYU0429.jpg,kv1/NYUdata/NYU0429/depth/NYU0429.png,playroom,"monitor_or_tv,door",0,3,1,train,unknown,unknown,unknown,unknown,,
kv1__NYUdata__NYU0436,kv1/NYUdata/NYU0436,kv1/NYUdata/NYU0436/image/NYU0436.jpg,kv1/NYUdata/NYU0436/depth/NYU0436.png,playroom,"monitor_or_tv,door",0,2,1,train,unknown,unknown,unknown,unknown,,
kv1__NYUdata__NYU0437,kv1/NYUdata/NYU0437,kv1/NYUdata/NYU0437/image/NYU0437.jpg,kv1/NYUdata/NYU0437/depth/NYU0437.png,playroom,"monitor_or_tv,door",0,2,2,train,unknown,unknown,unknown,unknown,,
kv1__NYUdata__NYU0474,kv1/NYUdata/NYU0474,kv1/NYUdata/NYU0474/image/NYU0474.jpg,kv1/NYUdata/NYU0474/depth/NYU0474.png,study,"lamp,monitor_or_tv",1,1,0,train,unknown,unknown,unknown,unknown,,
kv1__NYUdata__NYU0476,kv1/NYUdata/NYU0476,kv1/NYUdata/NYU0476/image/NYU0476.jpg,kv1/NYUdata/NYU0476/depth/NYU0476.png,study,"monitor_or_tv,door",0,1,1,train,unknown,unknown,unknown,unknown,,
kv1__NYUdata__NYU0485,kv1/NYUdata/NYU0485,kv1/NYUdata/NYU0485/image/NYU0485.jpg,kv1/NYUdata/NYU0485/depth/NYU0485.png,study,"monitor_or_tv,door",0,1,2,train,unknown,unknown,unknown,unknown,,
kv1__NYUdata__NYU0546,kv1/NYUdata/NYU0546,kv1/NYUdata/NYU0546/image/NYU0546.jpg,kv1/NYUdata/NYU0546/depth/NYU0546.png,dining_room,"lamp,door",1,0,2,train,unknown,unknown,unknown,unknown,,
kv1__NYUdata__NYU0549,kv1/NYUdata/NYU0549,kv1/NYUdata/NYU0549/image/NYU0549.jpg,kv1/NYUdata/NYU0549/depth/NYU0549.png,dining_room,"lamp,door",1,0,2,train,unknown,unknown,unknown,unknown,,
kv1__NYUdata__NYU0552,kv1/NYUdata/NYU0552,kv1/NYUdata/NYU0552/image/NYU0552.jpg,kv1/NYUdata/NYU0552/depth/NYU0552.png,home_office,"monitor_or_tv,door",0,2,1,train,unknown,unknown,unknown,unknown,,
kv1__NYUdata__NYU0553,kv1/NYUdata/NYU0553,kv1/NYUdata/NYU0553/image/NYU0553.jpg,kv1/NYUdata/NYU0553/depth/NYU0553.png,home_office,"lamp,monitor_or_tv",1,1,0,train,unknown,unknown,unknown,unknown,,
kv1__NYUdata__NYU0554,kv1/NYUdata/NYU0554,kv1/NYUdata/NYU0554/image/NYU0554.jpg,kv1/NYUdata/NYU0554/depth/NYU0554.png,home_office,"monitor_or_tv,door",0,1,2,train,unknown,unknown,unknown,unknown,,
kv1__NYUdata__NYU0555,kv1/NYUdata/NYU0555,kv1/NYUdata/NYU0555/image/NYU0555.jpg,kv1/NYUdata/NYU0555/depth/NYU0555.png,home_office,"lamp,monitor_or_tv",1,1,0,train,unknown,unknown,unknown,unknown,,
kv1__NYUdata__NYU0556,kv1/NYUdata/NYU0556,kv1/NYUdata/NYU0556/image/NYU0556.jpg,kv1/NYUdata/NYU0556/depth/NYU0556.png,home_office,"lamp,monitor_or_tv",2,1,0,train,unknown,unknown,unknown,unknown,,
kv1__NYUdata__NYU0580,kv1/NYUdata/NYU0580,kv1/NYUdata/NYU0580/image/NYU0580.jpg,kv1/NYUdata/NYU0580/depth/NYU0580.png,living_room,"lamp,door",2,0,2,train,unknown,unknown,unknown,unknown,,
kv1__NYUdata__NYU0581,kv1/NYUdata/NYU0581,kv1/NYUdata/NYU0581/image/NYU0581.jpg,kv1/NYUdata/NYU0581/depth/NYU0581.png,living_room,"lamp,door",1,0,2,train,unknown,unknown,unknown,unknown,,
kv1__NYUdata__NYU0582,kv1/NYUdata/NYU0582,kv1/NYUdata/NYU0582/image/NYU0582.jpg,kv1/NYUdata/NYU0582/depth/NYU0582.png,living_room,"lamp,monitor_or_tv",1,1,0,train,unknown,unknown,unknown,unknown,,
kv1__NYUdata__NYU0583,kv1/NYUdata/NYU0583,kv1/NYUdata/NYU0583/image/NYU0583.jpg,kv1/NYUdata/NYU0583/depth/NYU0583.png,living_room,"lamp,door",1,0,1,train,unknown,unknown,unknown,unknown,,
kv1__NYUdata__NYU0593,kv1/NYUdata/NYU0593,kv1/NYUdata/NYU0593/image/NYU0593.jpg,kv1/NYUdata/NYU0593/depth/NYU0593.png,living_room,"lamp,door",1,0,2,train,unknown,unknown,unknown,unknown,,
kv1__NYUdata__NYU0594,kv1/NYUdata/NYU0594,kv1/NYUdata/NYU0594/image/NYU0594.jpg,kv1/NYUdata/NYU0594/depth/NYU0594.png,living_room,"lamp,door",1,0,2,train,unknown,unknown,unknown,unknown,,
kv1__NYUdata__NYU0602,kv1/NYUdata/NYU0602,kv1/NYUdata/NYU0602/image/NYU0602.jpg,kv1/NYUdata/NYU0602/depth/NYU0602.png,living_room,"monitor_or_tv,door",0,2,2,train,unknown,unknown,unknown,unknown,,
kv1__NYUdata__NYU0603,kv1/NYUdata/NYU0603,kv1/NYUdata/NYU0603/image/NYU0603.jpg,kv1/NYUdata/NYU0603/depth/NYU0603.png,living_room,"lamp,monitor_or_tv",1,2,0,train,unknown,unknown,unknown,unknown,,
kv1__NYUdata__NYU0605,kv1/NYUdata/NYU0605,kv1/NYUdata/NYU0605/image/NYU0605.jpg,kv1/NYUdata/NYU0605/depth/NYU0605.png,living_room,"lamp,monitor_or_tv",1,4,0,train,unknown,unknown,unknown,unknown,,
kv1__NYUdata__NYU0635,kv1/NYUdata/NYU0635,kv1/NYUdata/NYU0635/image/NYU0635.jpg,kv1/NYUdata/NYU0635/depth/NYU0635.png,office,"monitor_or_tv,door",0,4,2,train,unknown,unknown,unknown,unknown,,
kv1__NYUdata__NYU0642,kv1/NYUdata/NYU0642,kv1/NYUdata/NYU0642/image/NYU0642.jpg,kv1/NYUdata/NYU0642/depth/NYU0642.png,recreation_room,"monitor_or_tv,door",0,2,1,train,unknown,unknown,unknown,unknown,,
kv1__NYUdata__NYU0643,kv1/NYUdata/NYU0643,kv1/NYUdata/NYU0643/image/NYU0643.jpg,kv1/NYUdata/NYU0643/depth/NYU0643.png,recreation_room,"monitor_or_tv,door",0,2,2,train,unknown,unknown,unknown,unknown,,
kv1__NYUdata__NYU0668,kv1/NYUdata/NYU0668,kv1/NYUdata/NYU0668/image/NYU0668.jpg,kv1/NYUdata/NYU0668/depth/NYU0668.png,bathroom,"lamp,door",1,0,1,train,unknown,unknown,unknown,unknown,,
kv1__NYUdata__NYU0699,kv1/NYUdata/NYU0699,kv1/NYUdata/NYU0699/image/NYU0699.jpg,kv1/NYUdata/NYU0699/depth/NYU0699.png,bathroom,"lamp,door",1,0,2,train,unknown,unknown,unknown,unknown,,
kv1__NYUdata__NYU0745,kv1/NYUdata/NYU0745,kv1/NYUdata/NYU0745/image/NYU0745.jpg,kv1/NYUdata/NYU0745/depth/NYU0745.png,kitchen,"monitor_or_tv,door",0,1,1,train,unknown,unknown,unknown,unknown,,
kv1__NYUdata__NYU0747,kv1/NYUdata/NYU0747,kv1/NYUdata/NYU0747/image/NYU0747.jpg,kv1/NYUdata/NYU0747/depth/NYU0747.png,kitchen,"monitor_or_tv,door",0,1,1,train,unknown,unknown,unknown,unknown,,
kv1__NYUdata__NYU0749,kv1/NYUdata/NYU0749,kv1/NYUdata/NYU0749/image/NYU0749.jpg,kv1/NYUdata/NYU0749/depth/NYU0749.png,kitchen,"lamp,monitor_or_tv",1,2,0,train,unknown,unknown,unknown,unknown,,
kv1__NYUdata__NYU0766,kv1/NYUdata/NYU0766,kv1/NYUdata/NYU0766/image/NYU0766.jpg,kv1/NYUdata/NYU0766/depth/NYU0766.png,kitchen,"lamp,monitor_or_tv",1,2,0,train,unknown,unknown,unknown,unknown,,
kv1__NYUdata__NYU0772,kv1/NYUdata/NYU0772,kv1/NYUdata/NYU0772/image/NYU0772.jpg,kv1/NYUdata/NYU0772/depth/NYU0772.png,kitchen,"monitor_or_tv,door",0,1,5,train,unknown,unknown,unknown,unknown,,
kv1__NYUdata__NYU0781,kv1/NYUdata/NYU0781,kv1/NYUdata/NYU0781/image/NYU0781.jpg,kv1/NYUdata/NYU0781/depth/NYU0781.png,kitchen,"monitor_or_tv,door",0,1,2,val,unknown,unknown,unknown,unknown,,
kv1__NYUdata__NYU0782,kv1/NYUdata/NYU0782,kv1/NYUdata/NYU0782/image/NYU0782.jpg,kv1/NYUdata/NYU0782/depth/NYU0782.png,kitchen,"monitor_or_tv,door",0,1,1,val,unknown,unknown,unknown,unknown,,
kv1__NYUdata__NYU0785,kv1/NYUdata/NYU0785,kv1/NYUdata/NYU0785/image/NYU0785.jpg,kv1/NYUdata/NYU0785/depth/NYU0785.png,kitchen,"monitor_or_tv,door",0,1,1,val,unknown,unknown,unknown,unknown,,
kv1__NYUdata__NYU0788,kv1/NYUdata/NYU0788,kv1/NYUdata/NYU0788/image/NYU0788.jpg,kv1/NYUdata/NYU0788/depth/NYU0788.png,kitchen,"monitor_or_tv,door",0,2,2,val,unknown,unknown,unknown,unknown,,
kv1__NYUdata__NYU0789,kv1/NYUdata/NYU0789,kv1/NYUdata/NYU0789/image/NYU0789.jpg,kv1/NYUdata/NYU0789/depth/NYU0789.png,kitchen,"lamp,door",6,0,2,train,unknown,unknown,unknown,unknown,,
kv1__NYUdata__NYU0790,kv1/NYUdata/NYU0790,kv1/NYUdata/NYU0790/image/NYU0790.jpg,kv1/NYUdata/NYU0790/depth/NYU0790.png,kitchen,"lamp,door",1,0,2,train,unknown,unknown,unknown,unknown,,
kv1__NYUdata__NYU0791,kv1/NYUdata/NYU0791,kv1/NYUdata/NYU0791/image/NYU0791.jpg,kv1/NYUdata/NYU0791/depth/NYU0791.png,kitchen,"lamp,door",2,0,1,train,unknown,unknown,unknown,unknown,,
kv1__NYUdata__NYU0801,kv1/NYUdata/NYU0801,kv1/NYUdata/NYU0801/image/NYU0801.jpg,kv1/NYUdata/NYU0801/depth/NYU0801.png,kitchen,"monitor_or_tv,door",0,1,2,val,unknown,unknown,unknown,unknown,,
kv1__NYUdata__NYU0828,kv1/NYUdata/NYU0828,kv1/NYUdata/NYU0828/image/NYU0828.jpg,kv1/NYUdata/NYU0828/depth/NYU0828.png,kitchen,"monitor_or_tv,door",0,2,2,val,unknown,unknown,unknown,unknown,,
kv1__NYUdata__NYU0829,kv1/NYUdata/NYU0829,kv1/NYUdata/NYU0829/image/NYU0829.jpg,kv1/NYUdata/NYU0829/depth/NYU0829.png,kitchen,"monitor_or_tv,door",0,2,1,test,unknown,unknown,unknown,unknown,,
kv1__NYUdata__NYU0836,kv1/NYUdata/NYU0836,kv1/NYUdata/NYU0836/image/NYU0836.jpg,kv1/NYUdata/NYU0836/depth/NYU0836.png,kitchen,"monitor_or_tv,door",0,1,1,test,unknown,unknown,unknown,unknown,,
kv1__NYUdata__NYU0854,kv1/NYUdata/NYU0854,kv1/NYUdata/NYU0854/image/NYU0854.jpg,kv1/NYUdata/NYU0854/depth/NYU0854.png,kitchen,"monitor_or_tv,door",0,1,3,test,unknown,unknown,unknown,unknown,,
kv1__NYUdata__NYU0875,kv1/NYUdata/NYU0875,kv1/NYUdata/NYU0875/image/NYU0875.jpg,kv1/NYUdata/NYU0875/depth/NYU0875.png,kitchen,"lamp,door",3,0,3,train,unknown,unknown,unknown,unknown,,
kv1__NYUdata__NYU0877,kv1/NYUdata/NYU0877,kv1/NYUdata/NYU0877/image/NYU0877.jpg,kv1/NYUdata/NYU0877/depth/NYU0877.png,kitchen,"monitor_or_tv,door",0,2,1,test,unknown,unknown,unknown,unknown,,
kv1__NYUdata__NYU0882,kv1/NYUdata/NYU0882,kv1/NYUdata/NYU0882/image/NYU0882.jpg,kv1/NYUdata/NYU0882/depth/NYU0882.png,kitchen,"lamp,door",2,0,1,train,unknown,unknown,unknown,unknown,,
kv1__NYUdata__NYU0885,kv1/NYUdata/NYU0885,kv1/NYUdata/NYU0885/image/NYU0885.jpg,kv1/NYUdata/NYU0885/depth/NYU0885.png,kitchen,"lamp,door",1,0,1,train,unknown,unknown,unknown,unknown,,
kv1__NYUdata__NYU0909,kv1/NYUdata/NYU0909,kv1/NYUdata/NYU0909/image/NYU0909.jpg,kv1/NYUdata/NYU0909/depth/NYU0909.png,bedroom,"lamp,door",2,0,2,train,unknown,unknown,unknown,unknown,,
kv1__NYUdata__NYU0912,kv1/NYUdata/NYU0912,kv1/NYUdata/NYU0912/image/NYU0912.jpg,kv1/NYUdata/NYU0912/depth/NYU0912.png,bedroom,"monitor_or_tv,door",0,2,4,test,unknown,unknown,unknown,unknown,,
kv1__NYUdata__NYU0916,kv1/NYUdata/NYU0916,kv1/NYUdata/NYU0916/image/NYU0916.jpg,kv1/NYUdata/NYU0916/depth/NYU0916.png,bedroom,"lamp,door",2,0,1,train,unknown,unknown,unknown,unknown,,
kv1__NYUdata__NYU0919,kv1/NYUdata/NYU0919,kv1/NYUdata/NYU0919/image/NYU0919.jpg,kv1/NYUdata/NYU0919/depth/NYU0919.png,bedroom,"lamp,door",2,0,1,train,unknown,unknown,unknown,unknown,,
kv1__NYUdata__NYU0920,kv1/NYUdata/NYU0920,kv1/NYUdata/NYU0920/image/NYU0920.jpg,kv1/NYUdata/NYU0920/depth/NYU0920.png,bedroom,"lamp,monitor_or_tv",3,2,0,train,unknown,unknown,unknown,unknown,,
kv1__NYUdata__NYU0922,kv1/NYUdata/NYU0922,kv1/NYUdata/NYU0922/image/NYU0922.jpg,kv1/NYUdata/NYU0922/depth/NYU0922.png,bedroom,"lamp,door",1,0,1,val,unknown,unknown,unknown,unknown,,
kv1__NYUdata__NYU0926,kv1/NYUdata/NYU0926,kv1/NYUdata/NYU0926/image/NYU0926.jpg,kv1/NYUdata/NYU0926/depth/NYU0926.png,bedroom,"lamp,door",1,0,2,val,unknown,unknown,unknown,unknown,,
kv1__NYUdata__NYU0929,kv1/NYUdata/NYU0929,kv1/NYUdata/NYU0929/image/NYU0929.jpg,kv1/NYUdata/NYU0929/depth/NYU0929.png,bedroom,"lamp,door",3,0,1,val,unknown,unknown,unknown,unknown,,
kv1__NYUdata__NYU0931,kv1/NYUdata/NYU0931,kv1/NYUdata/NYU0931/image/NYU0931.jpg,kv1/NYUdata/NYU0931/depth/NYU0931.png,bedroom,"lamp,door",2,0,1,val,unknown,unknown,unknown,unknown,,
kv1__NYUdata__NYU0932,kv1/NYUdata/NYU0932,kv1/NYUdata/NYU0932/image/NYU0932.jpg,kv1/NYUdata/NYU0932/depth/NYU0932.png,bedroom,"lamp,monitor_or_tv",1,2,0,train,unknown,unknown,unknown,unknown,,
kv1__NYUdata__NYU0935,kv1/NYUdata/NYU0935,kv1/NYUdata/NYU0935/image/NYU0935.jpg,kv1/NYUdata/NYU0935/depth/NYU0935.png,bedroom,"lamp,monitor_or_tv",1,2,0,train,unknown,unknown,unknown,unknown,,
kv1__NYUdata__NYU0942,kv1/NYUdata/NYU0942,kv1/NYUdata/NYU0942/image/NYU0942.jpg,kv1/NYUdata/NYU0942/depth/NYU0942.png,bedroom,"lamp,door",2,0,1,val,unknown,unknown,unknown,unknown,,
kv1__NYUdata__NYU0946,kv1/NYUdata/NYU0946,kv1/NYUdata/NYU0946/image/NYU0946.jpg,kv1/NYUdata/NYU0946/depth/NYU0946.png,bedroom,"lamp,monitor_or_tv",1,2,0,train,unknown,unknown,unknown,unknown,,
kv1__NYUdata__NYU0952,kv1/NYUdata/NYU0952,kv1/NYUdata/NYU0952/image/NYU0952.jpg,kv1/NYUdata/NYU0952/depth/NYU0952.png,bedroom,"lamp,door",1,0,1,val,unknown,unknown,unknown,unknown,,
kv1__NYUdata__NYU0960,kv1/NYUdata/NYU0960,kv1/NYUdata/NYU0960/image/NYU0960.jpg,kv1/NYUdata/NYU0960/depth/NYU0960.png,bedroom,"lamp,monitor_or_tv",2,2,0,train,unknown,unknown,unknown,unknown,,
kv1__NYUdata__NYU0962,kv1/NYUdata/NYU0962,kv1/NYUdata/NYU0962/image/NYU0962.jpg,kv1/NYUdata/NYU0962/depth/NYU0962.png,bedroom,"lamp,door",2,0,2,test,unknown,unknown,unknown,unknown,,
kv1__NYUdata__NYU0970,kv1/NYUdata/NYU0970,kv1/NYUdata/NYU0970/image/NYU0970.jpg,kv1/NYUdata/NYU0970/depth/NYU0970.png,bedroom,"monitor_or_tv,door",0,2,1,test,unknown,unknown,unknown,unknown,,
kv1__NYUdata__NYU0972,kv1/NYUdata/NYU0972,kv1/NYUdata/NYU0972/image/NYU0972.jpg,kv1/NYUdata/NYU0972/depth/NYU0972.png,bedroom,"lamp,door",1,0,1,test,unknown,unknown,unknown,unknown,,
kv1__NYUdata__NYU0973,kv1/NYUdata/NYU0973,kv1/NYUdata/NYU0973/image/NYU0973.jpg,kv1/NYUdata/NYU0973/depth/NYU0973.png,bedroom,"lamp,door",1,0,1,test,unknown,unknown,unknown,unknown,,
kv1__NYUdata__NYU0978,kv1/NYUdata/NYU0978,kv1/NYUdata/NYU0978/image/NYU0978.jpg,kv1/NYUdata/NYU0978/depth/NYU0978.png,bedroom,"lamp,door",3,0,1,test,unknown,unknown,unknown,unknown,,
kv1__NYUdata__NYU0980,kv1/NYUdata/NYU0980,kv1/NYUdata/NYU0980/image/NYU0980.jpg,kv1/NYUdata/NYU0980/depth/NYU0980.png,bedroom,"lamp,monitor_or_tv",2,3,0,train,unknown,unknown,unknown,unknown,,
kv1__NYUdata__NYU0994,kv1/NYUdata/NYU0994,kv1/NYUdata/NYU0994/image/NYU0994.jpg,kv1/NYUdata/NYU0994/depth/NYU0994.png,bedroom,"lamp,monitor_or_tv",1,2,0,train,unknown,unknown,unknown,unknown,,
kv1__NYUdata__NYU0998,kv1/NYUdata/NYU0998,kv1/NYUdata/NYU0998/image/NYU0998.jpg,kv1/NYUdata/NYU0998/depth/NYU0998.png,bedroom,"lamp,door",4,0,2,test,unknown,unknown,unknown,unknown,,
kv1__NYUdata__NYU1009,kv1/NYUdata/NYU1009,kv1/NYUdata/NYU1009/image/NYU1009.jpg,kv1/NYUdata/NYU1009/depth/NYU1009.png,bedroom,"lamp,door",1,0,1,test,unknown,unknown,unknown,unknown,,
kv1__NYUdata__NYU1081,kv1/NYUdata/NYU1081,kv1/NYUdata/NYU1081/image/NYU1081.jpg,kv1/NYUdata/NYU1081/depth/NYU1081.png,bedroom,"lamp,monitor_or_tv",1,2,0,val,unknown,unknown,unknown,unknown,,
kv1__NYUdata__NYU1088,kv1/NYUdata/NYU1088,kv1/NYUdata/NYU1088/image/NYU1088.jpg,kv1/NYUdata/NYU1088/depth/NYU1088.png,bedroom,"lamp,monitor_or_tv",1,1,0,val,unknown,unknown,unknown,unknown,,
kv1__NYUdata__NYU1138,kv1/NYUdata/NYU1138,kv1/NYUdata/NYU1138/image/NYU1138.jpg,kv1/NYUdata/NYU1138/depth/NYU1138.png,bedroom,"lamp,monitor_or_tv",1,2,0,val,unknown,unknown,unknown,unknown,,
kv1__NYUdata__NYU1186,kv1/NYUdata/NYU1186,kv1/NYUdata/NYU1186/image/NYU1186.jpg,kv1/NYUdata/NYU1186/depth/NYU1186.png,bedroom,"lamp,monitor_or_tv",1,2,0,val,unknown,unknown,unknown,unknown,,
kv1__NYUdata__NYU1225,kv1/NYUdata/NYU1225,kv1/NYUdata/NYU1225/image/NYU1225.jpg,kv1/NYUdata/NYU1225/depth/NYU1225.png,living_room,"lamp,monitor_or_tv",1,2,0,val,unknown,unknown,unknown,unknown,,
kv1__NYUdata__NYU1226,kv1/NYUdata/NYU1226,kv1/NYUdata/NYU1226/image/NYU1226.jpg,kv1/NYUdata/NYU1226/depth/NYU1226.png,living_room,"lamp,monitor_or_tv",1,2,0,val,unknown,unknown,unknown,unknown,,
kv1__NYUdata__NYU1300,kv1/NYUdata/NYU1300,kv1/NYUdata/NYU1300/image/NYU1300.jpg,kv1/NYUdata/NYU1300/depth/NYU1300.png,living_room,"lamp,monitor_or_tv",1,2,0,test,unknown,unknown,unknown,unknown,,
kv1__b3dodata__img_0225,kv1/b3dodata/img_0225,kv1/b3dodata/img_0225/image/img_0225.jpg,,office,"lamp,monitor_or_tv",2,1,0,test,unknown,unknown,unknown,unknown,,
kv1__b3dodata__img_0263,kv1/b3dodata/img_0263,kv1/b3dodata/img_0263/image/img_0263.jpg,,office,"lamp,monitor_or_tv",3,1,0,test,unknown,unknown,unknown,unknown,,
kv1__b3dodata__img_0288,kv1/b3dodata/img_0288,kv1/b3dodata/img_0288/image/img_0288.jpg,,home_office,"lamp,monitor_or_tv",1,1,0,test,unknown,unknown,unknown,unknown,,
kv2__kinect2data__000020_2014-05-26_14-41-22_260595134347_rgbf000034-resize,kv2/kinect2data/000020_2014-05-26_14-41-22_260595134347_rgbf000034-resize,kv2/kinect2data/000020_2014-05-26_14-41-22_260595134347_rgbf000034-resize/image/0000034.jpg,kv2/kinect2data/000020_2014-05-26_14-41-22_260595134347_rgbf000034-resize/depth/0000034.png,furniture_store,"lamp,monitor_or_tv",1,1,0,test,unknown,unknown,unknown,unknown,,
kv2__kinect2data__000107_2014-04-14_00-03-38_094959634447_rgbf000052-resize,kv2/kinect2data/000107_2014-04-14_00-03-38_094959634447_rgbf000052-resize,kv2/kinect2data/000107_2014-04-14_00-03-38_094959634447_rgbf000052-resize/image/0000052.jpg,kv2/kinect2data/000107_2014-04-14_00-03-38_094959634447_rgbf000052-resize/depth/0000052.png,living_room,"lamp,monitor_or_tv",2,2,0,test,unknown,unknown,unknown,unknown,,
kv1__NYUdata__NYU0003,kv1/NYUdata/NYU0003,kv1/NYUdata/NYU0003/image/NYU0003.jpg,kv1/NYUdata/NYU0003/depth/NYU0003.png,office,door,0,0,5,train,unknown,unknown,unknown,unknown,,
kv1__NYUdata__NYU0005,kv1/NYUdata/NYU0005,kv1/NYUdata/NYU0005/image/NYU0005.jpg,kv1/NYUdata/NYU0005/depth/NYU0005.png,office,door,0,0,2,train,unknown,unknown,unknown,unknown,,
kv1__NYUdata__NYU0006,kv1/NYUdata/NYU0006,kv1/NYUdata/NYU0006/image/NYU0006.jpg,kv1/NYUdata/NYU0006/depth/NYU0006.png,office,monitor_or_tv,0,2,0,train,unknown,unknown,unknown,unknown,,
kv1__NYUdata__NYU0007,kv1/NYUdata/NYU0007,kv1/NYUdata/NYU0007/image/NYU0007.jpg,kv1/NYUdata/NYU0007/depth/NYU0007.png,office,monitor_or_tv,0,6,0,train,unknown,unknown,unknown,unknown,,
kv1__NYUdata__NYU0008,kv1/NYUdata/NYU0008,kv1/NYUdata/NYU0008/image/NYU0008.jpg,kv1/NYUdata/NYU0008/depth/NYU0008.png,office,door,0,0,4,train,unknown,unknown,unknown,unknown,,
kv1__NYUdata__NYU0009,kv1/NYUdata/NYU0009,kv1/NYUdata/NYU0009/image/NYU0009.jpg,kv1/NYUdata/NYU0009/depth/NYU0009.png,office,door,0,0,2,train,unknown,unknown,unknown,unknown,,
kv1__NYUdata__NYU0010,kv1/NYUdata/NYU0010,kv1/NYUdata/NYU0010/image/NYU0010.jpg,kv1/NYUdata/NYU0010/depth/NYU0010.png,office,door,0,0,2,train,unknown,unknown,unknown,unknown,,
kv1__NYUdata__NYU0012,kv1/NYUdata/NYU0012,kv1/NYUdata/NYU0012/image/NYU0012.jpg,kv1/NYUdata/NYU0012/depth/NYU0012.png,office,door,0,0,2,train,unknown,unknown,unknown,unknown,,
kv1__NYUdata__NYU0013,kv1/NYUdata/NYU0013,kv1/NYUdata/NYU0013/image/NYU0013.jpg,kv1/NYUdata/NYU0013/depth/NYU0013.png,office,monitor_or_tv,0,2,0,train,unknown,unknown,unknown,unknown,,
kv1__NYUdata__NYU0015,kv1/NYUdata/NYU0015,kv1/NYUdata/NYU0015/image/NYU0015.jpg,kv1/NYUdata/NYU0015/depth/NYU0015.png,office,door,0,0,3,train,unknown,unknown,unknown,unknown,,
kv1__NYUdata__NYU0018,kv1/NYUdata/NYU0018,kv1/NYUdata/NYU0018/image/NYU0018.jpg,kv1/NYUdata/NYU0018/depth/NYU0018.png,office,door,0,0,1,train,unknown,unknown,unknown,unknown,,
kv1__NYUdata__NYU0019,kv1/NYUdata/NYU0019,kv1/NYUdata/NYU0019/image/NYU0019.jpg,kv1/NYUdata/NYU0019/depth/NYU0019.png,office,door,0,0,2,train,unknown,unknown,unknown,unknown,,
kv1__NYUdata__NYU0021,kv1/NYUdata/NYU0021,kv1/NYUdata/NYU0021/image/NYU0021.jpg,kv1/NYUdata/NYU0021/depth/NYU0021.png,office,door,0,0,2,train,unknown,unknown,unknown,unknown,,
kv1__NYUdata__NYU0022,kv1/NYUdata/NYU0022,kv1/NYUdata/NYU0022/image/NYU0022.jpg,kv1/NYUdata/NYU0022/depth/NYU0022.png,office,monitor_or_tv,0,2,0,train,unknown,unknown,unknown,unknown,,
kv1__NYUdata__NYU0031,kv1/NYUdata/NYU0031,kv1/NYUdata/NYU0031/image/NYU0031.jpg,kv1/NYUdata/NYU0031/depth/NYU0031.png,office,monitor_or_tv,0,1,0,train,unknown,unknown,unknown,unknown,,
kv1__NYUdata__NYU0032,kv1/NYUdata/NYU0032,kv1/NYUdata/NYU0032/image/NYU0032.jpg,kv1/NYUdata/NYU0032/depth/NYU0032.png,office,monitor_or_tv,0,2,0,train,unknown,unknown,unknown,unknown,,
kv1__NYUdata__NYU0033,kv1/NYUdata/NYU0033,kv1/NYUdata/NYU0033/image/NYU0033.jpg,kv1/NYUdata/NYU0033/depth/NYU0033.png,office,monitor_or_tv,0,1,0,train,unknown,unknown,unknown,unknown,,
kv1__NYUdata__NYU0035,kv1/NYUdata/NYU0035,kv1/NYUdata/NYU0035/image/NYU0035.jpg,kv1/NYUdata/NYU0035/depth/NYU0035.png,office,door,0,0,2,train,unknown,unknown,unknown,unknown,,
kv1__NYUdata__NYU0036,kv1/NYUdata/NYU0036,kv1/NYUdata/NYU0036/image/NYU0036.jpg,kv1/NYUdata/NYU0036/depth/NYU0036.png,office,door,0,0,2,train,unknown,unknown,unknown,unknown,,
kv1__NYUdata__NYU0041,kv1/NYUdata/NYU0041,kv1/NYUdata/NYU0041/image/NYU0041.jpg,kv1/NYUdata/NYU0041/depth/NYU0041.png,office,monitor_or_tv,0,1,0,train,unknown,unknown,unknown,unknown,,
kv1__NYUdata__NYU0043,kv1/NYUdata/NYU0043,kv1/NYUdata/NYU0043/image/NYU0043.jpg,kv1/NYUdata/NYU0043/depth/NYU0043.png,office,door,0,0,3,train,unknown,unknown,unknown,unknown,,
kv1__NYUdata__NYU0044,kv1/NYUdata/NYU0044,kv1/NYUdata/NYU0044/image/NYU0044.jpg,kv1/NYUdata/NYU0044/depth/NYU0044.png,bathroom,door,0,0,2,train,unknown,unknown,unknown,unknown,,
kv1__NYUdata__NYU0045,kv1/NYUdata/NYU0045,kv1/NYUdata/NYU0045/image/NYU0045.jpg,kv1/NYUdata/NYU0045/depth/NYU0045.png,bathroom,door,0,0,3,train,unknown,unknown,unknown,unknown,,
kv1__NYUdata__NYU0046,kv1/NYUdata/NYU0046,kv1/NYUdata/NYU0046/image/NYU0046.jpg,kv1/NYUdata/NYU0046/depth/NYU0046.png,bathroom,door,0,0,2,train,unknown,unknown,unknown,unknown,,
kv1__NYUdata__NYU0048,kv1/NYUdata/NYU0048,kv1/NYUdata/NYU0048/image/NYU0048.jpg,kv1/NYUdata/NYU0048/depth/NYU0048.png,bathroom,door,0,0,2,train,unknown,unknown,unknown,unknown,,
kv1__NYUdata__NYU0049,kv1/NYUdata/NYU0049,kv1/NYUdata/NYU0049/image/NYU0049.jpg,kv1/NYUdata/NYU0049/depth/NYU0049.png,bathroom,door,0,0,2,train,unknown,unknown,unknown,unknown,,
kv1__NYUdata__NYU0050,kv1/NYUdata/NYU0050,kv1/NYUdata/NYU0050/image/NYU0050.jpg,kv1/NYUdata/NYU0050/depth/NYU0050.png,living_room,lamp,1,0,0,train,unknown,unknown,unknown,unknown,,
kv1__NYUdata__NYU0053,kv1/NYUdata/NYU0053,kv1/NYUdata/NYU0053/image/NYU0053.jpg,kv1/NYUdata/NYU0053/depth/NYU0053.png,living_room,door,0,0,2,train,unknown,unknown,unknown,unknown,,
kv1__NYUdata__NYU0054,kv1/NYUdata/NYU0054,kv1/NYUdata/NYU0054/image/NYU0054.jpg,kv1/NYUdata/NYU0054/depth/NYU0054.png,living_room,door,0,0,2,train,unknown,unknown,unknown,unknown,,
kv1__NYUdata__NYU0055,kv1/NYUdata/NYU0055,kv1/NYUdata/NYU0055/image/NYU0055.jpg,kv1/NYUdata/NYU0055/depth/NYU0055.png,living_room,lamp,1,0,0,train,unknown,unknown,unknown,unknown,,
kv1__NYUdata__NYU0059,kv1/NYUdata/NYU0059,kv1/NYUdata/NYU0059/image/NYU0059.jpg,kv1/NYUdata/NYU0059/depth/NYU0059.png,bedroom,door,0,0,2,train,unknown,unknown,unknown,unknown,,
kv1__NYUdata__NYU0063,kv1/NYUdata/NYU0063,kv1/NYUdata/NYU0063/image/NYU0063.jpg,kv1/NYUdata/NYU0063/depth/NYU0063.png,bedroom,monitor_or_tv,0,3,0,train,unknown,unknown,unknown,unknown,,
kv1__NYUdata__NYU0064,kv1/NYUdata/NYU0064,kv1/NYUdata/NYU0064/image/NYU0064.jpg,kv1/NYUdata/NYU0064/depth/NYU0064.png,bedroom,door,0,0,2,train,unknown,unknown,unknown,unknown,,
kv1__NYUdata__NYU0066,kv1/NYUdata/NYU0066,kv1/NYUdata/NYU0066/image/NYU0066.jpg,kv1/NYUdata/NYU0066/depth/NYU0066.png,bedroom,lamp,2,0,0,train,unknown,unknown,unknown,unknown,,
kv1__NYUdata__NYU0067,kv1/NYUdata/NYU0067,kv1/NYUdata/NYU0067/image/NYU0067.jpg,kv1/NYUdata/NYU0067/depth/NYU0067.png,bedroom,lamp,2,0,0,train,unknown,unknown,unknown,unknown,,
kv1__NYUdata__NYU0068,kv1/NYUdata/NYU0068,kv1/NYUdata/NYU0068/image/NYU0068.jpg,kv1/NYUdata/NYU0068/depth/NYU0068.png,bedroom,monitor_or_tv,0,2,0,train,unknown,unknown,unknown,unknown,,
kv1__NYUdata__NYU0072,kv1/NYUdata/NYU0072,kv1/NYUdata/NYU0072/image/NYU0072.jpg,kv1/NYUdata/NYU0072/depth/NYU0072.png,bedroom,door,0,0,2,train,unknown,unknown,unknown,unknown,,
kv1__NYUdata__NYU0073,kv1/NYUdata/NYU0073,kv1/NYUdata/NYU0073/image/NYU0073.jpg,kv1/NYUdata/NYU0073/depth/NYU0073.png,bedroom,lamp,1,0,0,train,unknown,unknown,unknown,unknown,,
kv1__NYUdata__NYU0076,kv1/NYUdata/NYU0076,kv1/NYUdata/NYU0076/image/NYU0076.jpg,kv1/NYUdata/NYU0076/depth/NYU0076.png,bedroom,lamp,2,0,0,train,unknown,unknown,unknown,unknown,,
kv1__NYUdata__NYU0079,kv1/NYUdata/NYU0079,kv1/NYUdata/NYU0079/image/NYU0079.jpg,kv1/NYUdata/NYU0079/depth/NYU0079.png,bedroom,lamp,2,0,0,train,unknown,unknown,unknown,unknown,,
kv1__NYUdata__NYU0080,kv1/NYUdata/NYU0080,kv1/NYUdata/NYU0080/image/NYU0080.jpg,kv1/NYUdata/NYU0080/depth/NYU0080.png,bedroom,door,0,0,2,train,unknown,unknown,unknown,unknown,,
kv1__NYUdata__NYU0081,kv1/NYUdata/NYU0081,kv1/NYUdata/NYU0081/image/NYU0081.jpg,kv1/NYUdata/NYU0081/depth/NYU0081.png,bedroom,lamp,2,0,0,train,unknown,unknown,unknown,unknown,,
kv1__NYUdata__NYU0090,kv1/NYUdata/NYU0090,kv1/NYUdata/NYU0090/image/NYU0090.jpg,kv1/NYUdata/NYU0090/depth/NYU0090.png,bookstore,lamp,1,0,0,train,unknown,unknown,unknown,unknown,,
kv1__NYUdata__NYU0093,kv1/NYUdata/NYU0093,kv1/NYUdata/NYU0093/image/NYU0093.jpg,kv1/NYUdata/NYU0093/depth/NYU0093.png,bookstore,lamp,1,0,0,train,unknown,unknown,unknown,unknown,,
kv1__NYUdata__NYU0094,kv1/NYUdata/NYU0094,kv1/NYUdata/NYU0094/image/NYU0094.jpg,kv1/NYUdata/NYU0094/depth/NYU0094.png,bookstore,lamp,2,0,0,train,unknown,unknown,unknown,unknown,,
kv1__NYUdata__NYU0095,kv1/NYUdata/NYU0095,kv1/NYUdata/NYU0095/image/NYU0095.jpg,kv1/NYUdata/NYU0095/depth/NYU0095.png,bookstore,lamp,1,0,0,train,unknown,unknown,unknown,unknown,,
kv1__NYUdata__NYU0108,kv1/NYUdata/NYU0108,kv1/NYUdata/NYU0108/image/NYU0108.jpg,kv1/NYUdata/NYU0108/depth/NYU0108.png,bookstore,door,0,0,2,train,unknown,unknown,unknown,unknown,,
kv1__NYUdata__NYU0110,kv1/NYUdata/NYU0110,kv1/NYUdata/NYU0110/image/NYU0110.jpg,kv1/NYUdata/NYU0110/depth/NYU0110.png,bookstore,lamp,2,0,0,train,unknown,unknown,unknown,unknown,,
kv1__NYUdata__NYU0111,kv1/NYUdata/NYU0111,kv1/NYUdata/NYU0111/image/NYU0111.jpg,kv1/NYUdata/NYU0111/depth/NYU0111.png,bookstore,monitor_or_tv,0,4,0,train,unknown,unknown,unknown,unknown,,
kv1__NYUdata__NYU0112,kv1/NYUdata/NYU0112,kv1/NYUdata/NYU0112/image/NYU0112.jpg,kv1/NYUdata/NYU0112/depth/NYU0112.png,bookstore,monitor_or_tv,0,2,0,train,unknown,unknown,unknown,unknown,,
kv1__NYUdata__NYU0123,kv1/NYUdata/NYU0123,kv1/NYUdata/NYU0123/image/NYU0123.jpg,kv1/NYUdata/NYU0123/depth/NYU0123.png,cafeteria,monitor_or_tv,0,2,0,train,unknown,unknown,unknown,unknown,,
kv1__NYUdata__NYU0146,kv1/NYUdata/NYU0146,kv1/NYUdata/NYU0146/image/NYU0146.jpg,kv1/NYUdata/NYU0146/depth/NYU0146.png,living_room,monitor_or_tv,0,2,0,train,unknown,unknown,unknown,unknown,,
kv1__NYUdata__NYU0147,kv1/NYUdata/NYU0147,kv1/NYUdata/NYU0147/image/NYU0147.jpg,kv1/NYUdata/NYU0147/depth/NYU0147.png,living_room,monitor_or_tv,0,2,0,train,unknown,unknown,unknown,unknown,,
kv1__NYUdata__NYU0148,kv1/NYUdata/NYU0148,kv1/NYUdata/NYU0148/image/NYU0148.jpg,kv1/NYUdata/NYU0148/depth/NYU0148.png,living_room,lamp,2,0,0,train,unknown,unknown,unknown,unknown,,
kv1__NYUdata__NYU0149,kv1/NYUdata/NYU0149,kv1/NYUdata/NYU0149/image/NYU0149.jpg,kv1/NYUdata/NYU0149/depth/NYU0149.png,living_room,lamp,2,0,0,train,unknown,unknown,unknown,unknown,,
kv1__NYUdata__NYU0150,kv1/NYUdata/NYU0150,kv1/NYUdata/NYU0150/image/NYU0150.jpg,kv1/NYUdata/NYU0150/depth/NYU0150.png,living_room,door,0,0,2,train,unknown,unknown,unknown,unknown,,
kv1__NYUdata__NYU0151,kv1/NYUdata/NYU0151,kv1/NYUdata/NYU0151/image/NYU0151.jpg,kv1/NYUdata/NYU0151/depth/NYU0151.png,living_room,lamp,2,0,0,train,unknown,unknown,unknown,unknown,,
kv1__NYUdata__NYU0154,kv1/NYUdata/NYU0154,kv1/NYUdata/NYU0154/image/NYU0154.jpg,kv1/NYUdata/NYU0154/depth/NYU0154.png,living_room,door,0,0,3,train,unknown,unknown,unknown,unknown,,
kv1__NYUdata__NYU0159,kv1/NYUdata/NYU0159,kv1/NYUdata/NYU0159/image/NYU0159.jpg,kv1/NYUdata/NYU0159/depth/NYU0159.png,living_room,door,0,0,2,train,unknown,unknown,unknown,unknown,,
kv1__NYUdata__NYU0161,kv1/NYUdata/NYU0161,kv1/NYUdata/NYU0161/image/NYU0161.jpg,kv1/NYUdata/NYU0161/depth/NYU0161.png,living_room,lamp,1,0,0,train,unknown,unknown,unknown,unknown,,
kv1__NYUdata__NYU0162,kv1/NYUdata/NYU0162,kv1/NYUdata/NYU0162/image/NYU0162.jpg,kv1/NYUdata/NYU0162/depth/NYU0162.png,living_room,door,0,0,2,val,unknown,unknown,unknown,unknown,,
kv1__NYUdata__NYU0164,kv1/NYUdata/NYU0164,kv1/NYUdata/NYU0164/image/NYU0164.jpg,kv1/NYUdata/NYU0164/depth/NYU0164.png,living_room,monitor_or_tv,0,2,0,train,unknown,unknown,unknown,unknown,,
kv1__NYUdata__NYU0165,kv1/NYUdata/NYU0165,kv1/NYUdata/NYU0165/image/NYU0165.jpg,kv1/NYUdata/NYU0165/depth/NYU0165.png,living_room,door,0,0,2,val,unknown,unknown,unknown,unknown,,
kv1__NYUdata__NYU0169,kv1/NYUdata/NYU0169,kv1/NYUdata/NYU0169/image/NYU0169.jpg,kv1/NYUdata/NYU0169/depth/NYU0169.png,living_room,monitor_or_tv,0,2,0,train,unknown,unknown,unknown,unknown,,
kv1__NYUdata__NYU0170,kv1/NYUdata/NYU0170,kv1/NYUdata/NYU0170/image/NYU0170.jpg,kv1/NYUdata/NYU0170/depth/NYU0170.png,bathroom,door,0,0,2,val,unknown,unknown,unknown,unknown,,
kv1__NYUdata__NYU0171,kv1/NYUdata/NYU0171,kv1/NYUdata/NYU0171/image/NYU0171.jpg,kv1/NYUdata/NYU0171/depth/NYU0171.png,bedroom,door,0,0,2,val,unknown,unknown,unknown,unknown,,
kv1__NYUdata__NYU0172,kv1/NYUdata/NYU0172,kv1/NYUdata/NYU0172/image/NYU0172.jpg,kv1/NYUdata/NYU0172/depth/NYU0172.png,bedroom,door,0,0,4,val,unknown,unknown,unknown,unknown,,
kv1__NYUdata__NYU0174,kv1/NYUdata/NYU0174,kv1/NYUdata/NYU0174/image/NYU0174.jpg,kv1/NYUdata/NYU0174/depth/NYU0174.png,bedroom,lamp,2,0,0,train,unknown,unknown,unknown,unknown,,
kv1__NYUdata__NYU0176,kv1/NYUdata/NYU0176,kv1/NYUdata/NYU0176/image/NYU0176.jpg,kv1/NYUdata/NYU0176/depth/NYU0176.png,bedroom,lamp,4,0,0,train,unknown,unknown,unknown,unknown,,
kv1__NYUdata__NYU0177,kv1/NYUdata/NYU0177,kv1/NYUdata/NYU0177/image/NYU0177.jpg,kv1/NYUdata/NYU0177/depth/NYU0177.png,bedroom,monitor_or_tv,0,2,0,train,unknown,unknown,unknown,unknown,,
kv1__NYUdata__NYU0178,kv1/NYUdata/NYU0178,kv1/NYUdata/NYU0178/image/NYU0178.jpg,kv1/NYUdata/NYU0178/depth/NYU0178.png,bedroom,lamp,1,0,0,train,unknown,unknown,unknown,unknown,,
kv1__NYUdata__NYU0179,kv1/NYUdata/NYU0179,kv1/NYUdata/NYU0179/image/NYU0179.jpg,kv1/NYUdata/NYU0179/depth/NYU0179.png,bedroom,lamp,1,0,0,train,unknown,unknown,unknown,unknown,,
kv1__NYUdata__NYU0181,kv1/NYUdata/NYU0181,kv1/NYUdata/NYU0181/image/NYU0181.jpg,kv1/NYUdata/NYU0181/depth/NYU0181.png,bedroom,lamp,3,0,0,train,unknown,unknown,unknown,unknown,,
kv1__NYUdata__NYU0184,kv1/NYUdata/NYU0184,kv1/NYUdata/NYU0184/image/NYU0184.jpg,kv1/NYUdata/NYU0184/depth/NYU0184.png,bedroom,lamp,3,0,0,train,unknown,unknown,unknown,unknown,,
kv1__NYUdata__NYU0187,kv1/NYUdata/NYU0187,kv1/NYUdata/NYU0187/image/NYU0187.jpg,kv1/NYUdata/NYU0187/depth/NYU0187.png,bedroom,lamp,3,0,0,train,unknown,unknown,unknown,unknown,,
kv1__NYUdata__NYU0188,kv1/NYUdata/NYU0188,kv1/NYUdata/NYU0188/image/NYU0188.jpg,kv1/NYUdata/NYU0188/depth/NYU0188.png,bedroom,monitor_or_tv,0,2,0,train,unknown,unknown,unknown,unknown,,
kv1__NYUdata__NYU0189,kv1/NYUdata/NYU0189,kv1/NYUdata/NYU0189/image/NYU0189.jpg,kv1/NYUdata/NYU0189/depth/NYU0189.png,bedroom,lamp,2,0,0,train,unknown,unknown,unknown,unknown,,
kv1__NYUdata__NYU0190,kv1/NYUdata/NYU0190,kv1/NYUdata/NYU0190/image/NYU0190.jpg,kv1/NYUdata/NYU0190/depth/NYU0190.png,bedroom,lamp,1,0,0,train,unknown,unknown,unknown,unknown,,
kv1__NYUdata__NYU0192,kv1/NYUdata/NYU0192,kv1/NYUdata/NYU0192/image/NYU0192.jpg,kv1/NYUdata/NYU0192/depth/NYU0192.png,bedroom,monitor_or_tv,0,3,0,train,unknown,unknown,unknown,unknown,,
kv1__NYUdata__NYU0193,kv1/NYUdata/NYU0193,kv1/NYUdata/NYU0193/image/NYU0193.jpg,kv1/NYUdata/NYU0193/depth/NYU0193.png,bedroom,monitor_or_tv,0,2,0,train,unknown,unknown,unknown,unknown,,
kv1__NYUdata__NYU0194,kv1/NYUdata/NYU0194,kv1/NYUdata/NYU0194/image/NYU0194.jpg,kv1/NYUdata/NYU0194/depth/NYU0194.png,kitchen,door,0,0,3,val,unknown,unknown,unknown,unknown,,
kv1__NYUdata__NYU0200,kv1/NYUdata/NYU0200,kv1/NYUdata/NYU0200/image/NYU0200.jpg,kv1/NYUdata/NYU0200/depth/NYU0200.png,kitchen,monitor_or_tv,0,2,0,train,unknown,unknown,unknown,unknown,,
kv1__NYUdata__NYU0208,kv1/NYUdata/NYU0208,kv1/NYUdata/NYU0208/image/NYU0208.jpg,kv1/NYUdata/NYU0208/depth/NYU0208.png,living_room,door,0,0,1,test,unknown,unknown,unknown,unknown,,
kv1__NYUdata__NYU0212,kv1/NYUdata/NYU0212,kv1/NYUdata/NYU0212/image/NYU0212.jpg,kv1/NYUdata/NYU0212/depth/NYU0212.png,living_room,door,0,0,2,test,unknown,unknown,unknown,unknown,,
kv1__NYUdata__NYU0213,kv1/NYUdata/NYU0213,kv1/NYUdata/NYU0213/image/NYU0213.jpg,kv1/NYUdata/NYU0213/depth/NYU0213.png,office,monitor_or_tv,0,3,0,train,unknown,unknown,unknown,unknown,,
kv1__NYUdata__NYU0215,kv1/NYUdata/NYU0215,kv1/NYUdata/NYU0215/image/NYU0215.jpg,kv1/NYUdata/NYU0215/depth/NYU0215.png,office,monitor_or_tv,0,1,0,train,unknown,unknown,unknown,unknown,,
kv1__NYUdata__NYU0216,kv1/NYUdata/NYU0216,kv1/NYUdata/NYU0216/image/NYU0216.jpg,kv1/NYUdata/NYU0216/depth/NYU0216.png,office,monitor_or_tv,0,2,0,train,unknown,unknown,unknown,unknown,,
kv1__NYUdata__NYU0217,kv1/NYUdata/NYU0217,kv1/NYUdata/NYU0217/image/NYU0217.jpg,kv1/NYUdata/NYU0217/depth/NYU0217.png,bedroom,lamp,3,0,0,train,unknown,unknown,unknown,unknown,,
kv1__NYUdata__NYU0218,kv1/NYUdata/NYU0218,kv1/NYUdata/NYU0218/image/NYU0218.jpg,kv1/NYUdata/NYU0218/depth/NYU0218.png,bedroom,monitor_or_tv,0,2,0,train,unknown,unknown,unknown,unknown,,
kv1__NYUdata__NYU0226,kv1/NYUdata/NYU0226,kv1/NYUdata/NYU0226/image/NYU0226.jpg,kv1/NYUdata/NYU0226/depth/NYU0226.png,furniture_store,door,0,0,1,test,unknown,unknown,unknown,unknown,,
kv1__NYUdata__NYU0227,kv1/NYUdata/NYU0227,kv1/NYUdata/NYU0227/image/NYU0227.jpg,kv1/NYUdata/NYU0227/depth/NYU0227.png,furniture_store,door,0,0,1,test,unknown,unknown,unknown,unknown,,
kv1__NYUdata__NYU0238,kv1/NYUdata/NYU0238,kv1/NYUdata/NYU0238/image/NYU0238.jpg,kv1/NYUdata/NYU0238/depth/NYU0238.png,furniture_store,door,0,0,1,test,unknown,unknown,unknown,unknown,,
kv1__NYUdata__NYU0240,kv1/NYUdata/NYU0240,kv1/NYUdata/NYU0240/image/NYU0240.jpg,kv1/NYUdata/NYU0240/depth/NYU0240.png,furniture_store,lamp,2,0,0,train,unknown,unknown,unknown,unknown,,
kv1__NYUdata__NYU0241,kv1/NYUdata/NYU0241,kv1/NYUdata/NYU0241/image/NYU0241.jpg,kv1/NYUdata/NYU0241/depth/NYU0241.png,furniture_store,lamp,3,0,0,val,unknown,unknown,unknown,unknown,,
kv1__NYUdata__NYU0242,kv1/NYUdata/NYU0242,kv1/NYUdata/NYU0242/image/NYU0242.jpg,kv1/NYUdata/NYU0242/depth/NYU0242.png,furniture_store,lamp,2,0,0,val,unknown,unknown,unknown,unknown,,
kv1__NYUdata__NYU0243,kv1/NYUdata/NYU0243,kv1/NYUdata/NYU0243/image/NYU0243.jpg,kv1/NYUdata/NYU0243/depth/NYU0243.png,furniture_store,lamp,2,0,0,val,unknown,unknown,unknown,unknown,,
kv1__NYUdata__NYU0244,kv1/NYUdata/NYU0244,kv1/NYUdata/NYU0244/image/NYU0244.jpg,kv1/NYUdata/NYU0244/depth/NYU0244.png,furniture_store,lamp,1,0,0,val,unknown,unknown,unknown,unknown,,
kv1__NYUdata__NYU0245,kv1/NYUdata/NYU0245,kv1/NYUdata/NYU0245/image/NYU0245.jpg,kv1/NYUdata/NYU0245/depth/NYU0245.png,furniture_store,lamp,1,0,0,val,unknown,unknown,unknown,unknown,,
kv1__NYUdata__NYU0247,kv1/NYUdata/NYU0247,kv1/NYUdata/NYU0247/image/NYU0247.jpg,kv1/NYUdata/NYU0247/depth/NYU0247.png,furniture_store,lamp,1,0,0,val,unknown,unknown,unknown,unknown,,
kv1__NYUdata__NYU0248,kv1/NYUdata/NYU0248,kv1/NYUdata/NYU0248/image/NYU0248.jpg,kv1/NYUdata/NYU0248/depth/NYU0248.png,furniture_store,lamp,2,0,0,test,unknown,unknown,unknown,unknown,,
kv1__NYUdata__NYU0249,kv1/NYUdata/NYU0249,kv1/NYUdata/NYU0249/image/NYU0249.jpg,kv1/NYUdata/NYU0249/depth/NYU0249.png,furniture_store,door,0,0,2,test,unknown,unknown,unknown,unknown,,
kv1__NYUdata__NYU0254,kv1/NYUdata/NYU0254,kv1/NYUdata/NYU0254/image/NYU0254.jpg,kv1/NYUdata/NYU0254/depth/NYU0254.png,kitchen,monitor_or_tv,0,2,0,train,unknown,unknown,unknown,unknown,,
kv1__NYUdata__NYU0256,kv1/NYUdata/NYU0256,kv1/NYUdata/NYU0256/image/NYU0256.jpg,kv1/NYUdata/NYU0256/depth/NYU0256.png,living_room,lamp,2,0,0,test,unknown,unknown,unknown,unknown,,
kv1__NYUdata__NYU0259,kv1/NYUdata/NYU0259,kv1/NYUdata/NYU0259/image/NYU0259.jpg,kv1/NYUdata/NYU0259/depth/NYU0259.png,living_room,monitor_or_tv,0,2,0,train,unknown,unknown,unknown,unknown,,
kv1__NYUdata__NYU0261,kv1/NYUdata/NYU0261,kv1/NYUdata/NYU0261/image/NYU0261.jpg,kv1/NYUdata/NYU0261/depth/NYU0261.png,living_room,lamp,4,0,0,test,unknown,unknown,unknown,unknown,,
kv1__NYUdata__NYU0264,kv1/NYUdata/NYU0264,kv1/NYUdata/NYU0264/image/NYU0264.jpg,kv1/NYUdata/NYU0264/depth/NYU0264.png,living_room,monitor_or_tv,0,1,0,val,unknown,unknown,unknown,unknown,,
kv1__NYUdata__NYU0279,kv1/NYUdata/NYU0279,kv1/NYUdata/NYU0279/image/NYU0279.jpg,kv1/NYUdata/NYU0279/depth/NYU0279.png,study_space,monitor_or_tv,0,8,0,val,unknown,unknown,unknown,unknown,,
kv1__NYUdata__NYU0280,kv1/NYUdata/NYU0280,kv1/NYUdata/NYU0280/image/NYU0280.jpg,kv1/NYUdata/NYU0280/depth/NYU0280.png,bedroom,lamp,5,0,0,test,unknown,unknown,unknown,unknown,,
kv1__NYUdata__NYU0281,kv1/NYUdata/NYU0281,kv1/NYUdata/NYU0281/image/NYU0281.jpg,kv1/NYUdata/NYU0281/depth/NYU0281.png,bedroom,lamp,5,0,0,test,unknown,unknown,unknown,unknown,,
kv1__NYUdata__NYU0283,kv1/NYUdata/NYU0283,kv1/NYUdata/NYU0283/image/NYU0283.jpg,kv1/NYUdata/NYU0283/depth/NYU0283.png,bedroom,lamp,3,0,0,test,unknown,unknown,unknown,unknown,,
kv1__NYUdata__NYU0287,kv1/NYUdata/NYU0287,kv1/NYUdata/NYU0287/image/NYU0287.jpg,kv1/NYUdata/NYU0287/depth/NYU0287.png,classroom,monitor_or_tv,0,1,0,val,unknown,unknown,unknown,unknown,,
kv1__NYUdata__NYU0288,kv1/NYUdata/NYU0288,kv1/NYUdata/NYU0288/image/NYU0288.jpg,kv1/NYUdata/NYU0288/depth/NYU0288.png,classroom,monitor_or_tv,0,1,0,val,unknown,unknown,unknown,unknown,,
kv1__NYUdata__NYU0294,kv1/NYUdata/NYU0294,kv1/NYUdata/NYU0294/image/NYU0294.jpg,kv1/NYUdata/NYU0294/depth/NYU0294.png,classroom,monitor_or_tv,0,1,0,val,unknown,unknown,unknown,unknown,,
kv1__NYUdata__NYU0296,kv1/NYUdata/NYU0296,kv1/NYUdata/NYU0296/image/NYU0296.jpg,kv1/NYUdata/NYU0296/depth/NYU0296.png,classroom,monitor_or_tv,0,1,0,val,unknown,unknown,unknown,unknown,,
kv1__NYUdata__NYU0300,kv1/NYUdata/NYU0300,kv1/NYUdata/NYU0300/image/NYU0300.jpg,kv1/NYUdata/NYU0300/depth/NYU0300.png,classroom,monitor_or_tv,0,2,0,test,unknown,unknown,unknown,unknown,,
kv1__NYUdata__NYU0301,kv1/NYUdata/NYU0301,kv1/NYUdata/NYU0301/image/NYU0301.jpg,kv1/NYUdata/NYU0301/depth/NYU0301.png,classroom,monitor_or_tv,0,2,0,test,unknown,unknown,unknown,unknown,,
kv1__NYUdata__NYU0304,kv1/NYUdata/NYU0304,kv1/NYUdata/NYU0304/image/NYU0304.jpg,kv1/NYUdata/NYU0304/depth/NYU0304.png,classroom,monitor_or_tv,0,2,0,test,unknown,unknown,unknown,unknown,,
kv1__NYUdata__NYU0333,kv1/NYUdata/NYU0333,kv1/NYUdata/NYU0333/image/NYU0333.jpg,kv1/NYUdata/NYU0333/depth/NYU0333.png,computer_room,monitor_or_tv,0,8,0,test,unknown,unknown,unknown,unknown,,
kv1__NYUdata__NYU0334,kv1/NYUdata/NYU0334,kv1/NYUdata/NYU0334/image/NYU0334.jpg,kv1/NYUdata/NYU0334/depth/NYU0334.png,computer_room,monitor_or_tv,0,6,0,test,unknown,unknown,unknown,unknown,,
kv1__NYUdata__NYU0335,kv1/NYUdata/NYU0335,kv1/NYUdata/NYU0335/image/NYU0335.jpg,kv1/NYUdata/NYU0335/depth/NYU0335.png,computer_room,monitor_or_tv,0,7,0,test,unknown,unknown,unknown,unknown,,
